account_create,0x2000000
account_email,0x2000001
account_login,0x2000002
account_name,0x2000003
account_password,0x2000004
account_password_verify,0x2000005
alpha00,0x2000006
alpha01,0x2000007
alpha02,0x2000008
alpha03,0x2000009
alpha04,0x200000a
alpha05,0x200000b
alpha06,0x200000c
alpha07,0x200000d
alpha08,0x200000e
alpha09,0x200000f
alpha10,0x2000010
alpha11,0x2000011
alpha12,0x2000012
alpha13,0x2000013
alpha14,0x2000014
alpha15,0x2000015
alpha16,0x2000016
alpha17,0x2000017
alpha18,0x2000018
alpha19,0x2000019
alpha20,0x200001a
alpha21,0x200001b
alpha22,0x200001c
alpha23,0x200001d
alpha24,0x200001e
alpha25,0x200001f
chargen_createmode,0x2000020
chargen_delete_confirm,0x2000021
chargen_delete_mismatch,0x2000022
chargen_gender,0x2000023
chargen_gypsy01,0x2000024
chargen_gypsy02,0x2000025
chargen_gypsy03,0x2000026
chargen_gypsy04,0x2000027
chargen_gypsy05,0x2000028
chargen_gypsy06,0x2000029
chargen_gypsy07,0x200002a
chargen_gypsy12,0x200002b
chargen_gypsy13,0x200002c
chargen_gypsy14,0x200002d
chargen_gypsy15,0x200002e
chargen_gypsy16,0x200002f
chargen_gypsy17,0x2000030
chargen_gypsy23,0x2000031
chargen_gypsy24,0x2000032
chargen_gypsy25,0x2000033
chargen_gypsy26,0x2000034
chargen_gypsy27,0x2000035
chargen_gypsy34,0x2000036
chargen_gypsy35,0x2000037
chargen_gypsy36,0x2000038
chargen_gypsy37,0x2000039
chargen_gypsy45,0x200003a
chargen_gypsy46,0x200003b
chargen_gypsy47,0x200003c
chargen_gypsy56,0x200003d
chargen_gypsy57,0x200003e
chargen_gypsy67,0x200003f
chargen_gypsycard0,0x2000040
chargen_gypsycard1,0x2000041
chargen_gypsycards,0x2000042
chargen_name,0x2000043
chargen_name_check,0x2000044
chargen_name_invalid,0x2000045
chargen_name_not_allowed,0x2000046
chargen_name_not_available,0x2000047
chargen_name_reserve_failed,0x2000048
chargen_name_validate,0x2000049
chargen_password,0x200004a
chargen_password_check,0x200004b
chargen_password_match,0x200004c
chargen_password_mismatch,0x200004d
chargen_quickchar,0x200004e
chargen_quickchar00,0x200004f
chargen_quickchar01,0x2000050
chargen_quickchar02,0x2000051
chargen_quickchar03,0x2000052
chargen_quickchar04,0x2000053
chargen_quickchar05,0x2000054
chargen_quickchar06,0x2000055
chargen_quickchar07,0x2000056
chargen_quickchar08,0x2000057
chargen_quickchar09,0x2000058
chargen_quickchar10,0x2000059
chargen_quickchar11,0x200005a
chargen_quickchar12,0x200005b
chargen_quickchar13,0x200005c
chargen_quickchar14,0x200005d
chargen_quickchar15,0x200005e
chargen_slots_empty,0x200005f
chargen_slots_full,0x2000060
chargen_story01,0x2000061
chargen_story02,0x2000062
chargen_story03,0x2000063
chargen_story04,0x2000064
chargen_story05,0x2000065
chargen_story06,0x2000066
chargen_story07,0x2000067
chargen_story08,0x2000068
chargen_story09,0x2000069
chargen_story10,0x200006a
chargen_story11,0x200006b
chargen_story12,0x200006c
chargen_story13,0x200006d
chargen_story14,0x200006e
chargen_story15,0x200006f
chargen_story16,0x2000070
chargen_story17,0x2000071
chargen_story18,0x2000072
chargen_story19,0x2000073
chargen_story20,0x2000074
chargen_story21,0x2000075
chargen_story22,0x2000076
chargen_story23,0x2000077
chargen_story24,0x2000078
chargen_story25,0x2000079
command_attack,0x200007a
command_board,0x200007b
command_bribe,0x200007c
command_cast,0x200007e
command_descend,0x200007f
command_dismount,0x2000082
command_enter,0x2000083
command_extinguish,0x2000084
command_fire,0x2000085
command_get,0x2000086
command_hole_up,0x2000087
command_hyperwarp,0x2000088
command_ignite,0x2000089
command_insert,0x200008a
command_jimmy,0x200008c
command_klimb,0x200008d
command_klimb_altitude,0x200008e
command_land,0x200008f
command_launch,0x2000090
command_look,0x2000091
command_look_pond,0x2000092
command_look_pond_alakazot,0x2000093
command_look_pond_spell,0x2000094
command_look_pond_weapon,0x2000095
command_meditate,0x2000096
command_mix,0x2000098
command_nip,0x2000099
command_open,0x200009a
command_other,0x200009b
command_peer_gem,0x200009c
command_peer_helm,0x200009d
command_peer_stop,0x200009e
command_quit,0x20000a0
command_ready,0x20000a1
command_search,0x20000a2
command_steal,0x20000a4
command_talk,0x20000a5
command_transact,0x20000a6
command_use,0x20000a7
command_volume,0x20000a8
command_volume0,0x20000a9
command_volume1,0x20000aa
command_volume2,0x20000ab
command_volume3,0x20000ac
command_wear,0x20000ad
command_xeno,0x20000ae
command_xit,0x20000af
command_yako,0x20000b0
command_yell,0x20000b1
command_zabo,0x20000b2
command_zstats,0x20000b3
token_level,0x20000b4
merchant_magic_buy_no,0x20000c5
merchant_magic_buy_prompt,0x20000c6
merchant_magic_buy_yes,0x20000c7
merchant_magic_bye,0x20000c8
merchant_magic_cant_pay,0x20000c9
merchant_magic_continue,0x20000ca
merchant_magic_greet,0x20000cb
merchant_magic_prompt,0x20000cc
merchant_transport_buy_no,0x20000cd
merchant_transport_buy_prompt,0x20000ce
merchant_transport_buy_yes,0x20000cf
merchant_transport_bye,0x20000d0
merchant_transport_cant_pay,0x20000d1
merchant_transport_continue,0x20000d2
merchant_transport_greet,0x20000d3
merchant_transport_prompt,0x20000d4
msg_acid_trap,0x20000d5
msg_admin_granted,0x20000d6
msg_already_landed,0x20000d7
msg_already_used,0x20000d8
msg_ambrosia_welcome,0x20000d9
msg_amount,0x20000da
msg_argh_choke_gasp,0x20000db
msg_available_commands,0x20000dc
msg_available_maps,0x20000dd
msg_awakened,0x20000de
msg_bamboo,0x20000df
msg_barely_wounded,0x20000e0
msg_bell_abyss,0x20000e1
msg_bell_bestowed,0x20000e2
msg_bell_found,0x20000e3
msg_black_stone,0x20000e4
msg_bleck_nasty,0x20000e5
msg_blocked,0x20000e6
msg_blue_stone,0x20000e7
msg_blue_tassle_req,0x20000e8
msg_board_aircar,0x20000e9
msg_board_balloon,0x20000ea
msg_board_cart,0x20000eb
msg_board_plane,0x20000ec
msg_board_rocket,0x20000ed
msg_board_ship,0x20000ee
msg_board_shuttle,0x20000ef
msg_board_skiff,0x20000f0
msg_board_space_ship,0x20000f1
msg_board_time_machine,0x20000f2
msg_board_what,0x20000f3
msg_bomb_trap,0x20000f4
msg_bone,0x20000f5
msg_book_abyss,0x20000f6
msg_book_bestowed,0x20000f7
msg_book_found,0x20000f8
msg_brass_button_req,0x20000f9
msg_bribe,0x20000fa
msg_bridge_troll,0x20000fb
msg_broadsides,0x20000fc
msg_camp_req_torches,0x20000fd
msg_candle_abyss,0x20000fe
msg_candle_bestowed,0x20000ff
msg_candle_found,0x2000100
msg_cannot_equip_armour,0x2000101
msg_cannot_equip_weapon,0x2000102
msg_cant,0x2000103
msg_cant_rest,0x2000104
msg_card_0,0x2000105
msg_card_1,0x2000106
msg_card_2,0x2000107
msg_card_3,0x2000108
msg_cast_restricted,0x2000109
msg_caught,0x200010a
msg_client_patching,0x200010b
msg_client_restarting,0x200010c
msg_client_version_invalid_long,0x200010d
msg_client_version_invalid_short,0x200010e
msg_commander,0x200010f
msg_connect_address_invalid,0x2000110
msg_connect_desc,0x2000111
msg_connect_fail,0x2000112
msg_critical,0x2000113
msg_cured,0x2000114
msg_dark,0x2000115
msg_delicious,0x2000116
msg_dexterity_increased,0x2000117
msg_died_entering_atmos,0x2000118
msg_dragonscale,0x2000119
msg_drift_only,0x200011a
msg_dungeons_only,0x200011b
msg_electrified,0x200011c
msg_evaded,0x200011d
msg_exodus_destroyed,0x200011e
msg_exotic_armour,0x200011f
msg_exotic_arms,0x2000120
msg_experience,0x2000121
msg_failed,0x2000122
msg_falling_rocks,0x2000123
msg_fell,0x2000124
msg_fire_what,0x2000125
msg_fleeing,0x2000126
msg_food_pilfered,0x2000127
msg_found_jester_key,0x2000128
msg_found_key,0x2000129
msg_found_princess,0x200012a
msg_free,0x200012b
msg_gas_trap,0x200012c
msg_gemstone,0x200012d
msg_ghostly,0x200012e
msg_give_received,0x200012f
msg_give_request,0x2000130
msg_give_sent,0x2000131
msg_gold_pilfered,0x2000132
msg_granite,0x2000133
msg_green_stone,0x2000134
msg_hack_warn,0x2000135
msg_hands_full,0x2000136
msg_healed,0x2000137
msg_heavily_wounded,0x2000138
msg_help,0x2000139
msg_hmmm_no_effect,0x200013a
msg_horn_bestowed,0x200013b
msg_horn_found,0x200013c
msg_horn_used,0x200013d
msg_hyperwarp_engaged,0x200013e
msg_hyperwarp_prepare,0x200013f
msg_idle_warn,0x2000140
msg_imbued_wheel,0x2000141
msg_intelligence_increased,0x2000142
msg_invalid,0x2000143
msg_invalid_direction,0x2000144
msg_invigorating,0x2000145
msg_ivory,0x2000146
msg_jail_confiscation,0x2000147
msg_jail_release,0x2000148
msg_jail_time,0x2000149
msg_jailed,0x200014a
msg_killed,0x200014b
msg_launch,0x200014c
msg_launch_initiated,0x200014d
msg_launch_lift_off,0x200014e
msg_less_virtuous,0x200014f
msg_lightly_wounded,0x2000150
msg_location_invalid,0x2000151
msg_locked,0x2000152
msg_lord_british_resurrect,0x2000153
msg_lost_eighth,0x2000154
msg_low_mana,0x2000155
msg_mandrake,0x2000156
msg_mark_0,0x2000157
msg_mark_1,0x2000158
msg_mark_2,0x2000159
msg_mark_3,0x200015a
msg_missed,0x200015b
msg_missing_rune,0x200015c
msg_mix_fizzles,0x200015d
msg_mix_restricted,0x200015e
msg_mix_spell,0x200015f
msg_mix_start,0x2000160
msg_mondain_dead,0x2000161
msg_mondain_diminished,0x2000162
msg_mondain_gem_destroyed,0x2000163
msg_mondain_victory,0x2000164
msg_more_virtuous,0x2000165
msg_morning,0x2000166
msg_mount_horse,0x2000167
msg_must_land,0x2000168
msg_must_yell,0x2000169
msg_mystic_robe,0x200016a
msg_mystic_sword,0x200016b
msg_nightshade,0x200016c
msg_no_effect,0x200016d
msg_no_keys,0x200016e
msg_no_response,0x200016f
msg_no_room,0x2000170
msg_no_shuttle_pass,0x2000171
msg_none_owned,0x2000172
msg_not_commander,0x2000173
msg_not_here,0x2000174
msg_not_in_party,0x2000175
msg_nothing_here,0x2000176
msg_online_players,0x2000177
msg_only_on_foot,0x2000178
msg_opened,0x2000179
msg_orange_stone,0x200017a
msg_out_of_range,0x200017b
msg_outdoors_only,0x200017c
msg_party_already_grouped,0x200017d
msg_party_disbanded,0x200017e
msg_party_dismissed,0x200017f
msg_party_full,0x2000180
msg_party_invitation,0x2000181
msg_party_invitation_declined,0x2000182
msg_party_invitation_expired,0x2000183
msg_party_invitation_expired_leader,0x2000184
msg_party_invitation_invalid,0x2000185
msg_party_invitation_sent,0x2000186
msg_party_joined,0x2000187
msg_party_leader,0x2000188
msg_party_left,0x2000189
msg_party_new_leader,0x200018a
msg_party_not_leader,0x200018b
msg_party_player_dismissed,0x200018c
msg_party_player_left,0x200018d
msg_party_player_not_found,0x200018e
msg_party_unavailable_solo,0x200018f
msg_pit_trap,0x2000190
msg_poison_trap,0x2000191
msg_poisoned,0x2000192
msg_prepare_launch,0x2000193
msg_princess_reward,0x2000194
msg_purple_stone,0x2000195
msg_red_stone,0x2000196
msg_refreshing,0x2000197
msg_resting,0x2000198
msg_resurrect_body,0x2000199
msg_resurrect_void,0x200019a
msg_sextant_lat,0x200019b
msg_sextant_long,0x200019c
msg_shazam,0x200019d
msg_shrine_focus_mantra,0x200019e
msg_shrine_focus_subject,0x200019f
msg_shrine_offer,0x20001a0
msg_shrine_partial,0x20001a1
msg_shrine_vision,0x20001a2
msg_shrine_weary,0x20001a3
msg_skull_abyss,0x20001a4
msg_skull_found,0x20001a5
msg_skull_key_req,0x20001a6
msg_sleep_trap,0x20001a7
msg_soapstone,0x20001a8
msg_space_ace,0x20001a9
msg_space_equipment_req,0x20001aa
msg_starving,0x20001ab
msg_steal,0x20001ac
msg_strange_force,0x20001ad
msg_strange_winds,0x20001ae
msg_strength_increased,0x20001af
msg_success,0x20001b0
msg_thief,0x20001b1
msg_time_machine_failed_usage,0x20001b2
msg_timelord,0x20001b3
msg_trilithium_req,0x20001b4
msg_turning,0x20001b5
msg_u1_chest_holds,0x20001b6
msg_u4_chest_holds,0x20001b7
msg_unknown_command,0x20001b8
msg_unlocked,0x20001b9
msg_warning,0x20001ba
msg_whirlpool_ambrosia,0x20001bb
msg_white_stone,0x20001bc
msg_wisdom_increased,0x20001bd
msg_xit_what,0x20001be
msg_yellow_stone,0x20001bf
msg_yes_no_prompt,0x20001c0
msg_yew,0x20001c1
Food_Property,0x20001c2
Gold_Property,0x20001c3
Hitpoints_Property,0x20001c4
Mana_Property,0x20001c5
talk_already_carved,0x20001c6
talk_buy,0x20001c7
talk_bye,0x20001c8
talk_cannot_help,0x20001c9
talk_carve,0x20001ca
talk_carve_act,0x20001cb
talk_dismiss,0x20001cc
talk_give,0x20001cd
talk_how_much,0x20001ce
talk_i_am,0x20001cf
talk_incorrect_symbol,0x20001d0
talk_invite,0x20001d1
talk_no,0x20001d2
talk_not_enough,0x20001d3
talk_not_enough_gold,0x20001d4
talk_promote,0x20001d5
talk_sell,0x20001d6
talk_tell,0x20001d7
talk_thank_kindness,0x20001d8
talk_turns_away,0x20001d9
talk_virtue_symbol,0x20001da
talk_yes,0x20001db
talk_yes_or_no,0x20001dc
talk_you_meet,0x20001dd
talk_you_say,0x20001de
talk_you_see,0x20001df
talk_your_interest,0x20001e0
title_copyright,0x20001e1
title_delete_character,0x20001e2
title_exit_game,0x20001e3
title_initiate_game,0x20001e4
title_introduction,0x20001e5
title_journey_onward,0x20001e6
title_logout,0x20001e7
token_address,0x20001e8
token_and,0x20001e9
token_armour,0x20001ea
token_armour_none,0x20001eb
token_armour_worn,0x20001ec
token_article_definite,0x20001ed
token_article_indef_sing_cons,0x20001ee
token_article_indef_sing_vowel,0x20001ef
token_attributes,0x20001f0
token_card_prompt,0x20001f1
token_cards,0x20001f2
token_coin,0x20001f3
token_connect,0x20001f4
token_copper,0x20001f5
token_copper_pieces,0x20001f6
token_direction,0x20001f7
token_equipment,0x20001f8
token_equipped,0x20001f9
token_female,0x20001fa
token_gold,0x20001fb
token_gold_crowns,0x20001fc
token_hands,0x20001fd
token_items,0x20001fe
token_male,0x20001ff
token_marks,0x2000200
token_mixtures,0x2000201
token_no,0x2000202
token_or,0x2000203
token_other,0x2000204
token_party,0x2000205
token_port,0x2000206
token_press_any_key,0x2000207
token_reagents,0x2000208
token_runes,0x2000209
token_self,0x200020a
token_silver,0x200020b
token_silver_pieces,0x200020c
token_spell,0x200020d
token_spells,0x200020e
token_stones,0x200020f
token_target,0x2000210
token_transports,0x2000211
token_unspecified,0x2000212
token_weapons,0x2000213
token_what,0x2000214
token_wind,0x2000215
token_yes,0x2000216
U1_Chain_Armour,0x2000217
U1_Leather_Armour,0x2000218
U1_Plate_Armour,0x2000219
U1_Reflect_Suit_Armour,0x200021a
U1_Vacuum_Suit_Armour,0x200021b
U1_Adventurer_Creature,0x200021c
U1_Balron_Creature,0x200021d
U1_Bard_Creature,0x200021e
U1_Bat_Creature,0x200021f
U1_Bear_Creature,0x2000220
U1_Carrion_Creeper_Creature,0x2000221
U1_Cleric_Creature,0x2000222
U1_Cyclops_Creature,0x2000223
U1_Daemon_Creature,0x2000224
U1_Dark_Knight_Creature,0x2000225
U1_Dragon_Turtle_Creature,0x2000226
U1_Ettin_Creature,0x2000227
U1_Evil_Ranger_Creature,0x2000228
U1_Evil_Trent_Creature,0x2000229
U1_Fighter_Creature,0x200022a
U1_Gelatinous_Cube_Creature,0x200022b
U1_Giant_Squid_Creature,0x200022c
U1_Gremlin_Creature,0x200022d
U1_Guard_Creature,0x200022e
U1_Hidden_Archer_Creature,0x200022f
U1_Hood_Creature,0x2000230
U1_Invisible_Seeker_Creature,0x2000231
U1_Jester_Creature,0x2000232
U1_King_Creature,0x2000233
U1_Knight_Creature,0x2000234
U1_Lecher_Creature,0x2000235
U1_Lich_Creature,0x2000236
U1_Lizard_Man_Creature,0x2000237
U1_Mimic_Creature,0x2000238
U1_Mind_Whipper_Creature,0x2000239
U1_Minotaur_Creature,0x200023a
U1_Mondain_Creature,0x200023b
U1_Necromancer_Creature,0x200023c
U1_Ness_Creature,0x200023d
U1_Orc_Creature,0x200023e
U1_Pirate_Ship_Creature,0x200023f
U1_Princess_Creature,0x2000240
U1_Giant_Rat_Creature,0x2000241
U1_Skeleton_Creature,0x2000242
U1_Space_Enemy_Creature,0x2000243
U1_Spider_Creature,0x2000244
U1_Tangler_Creature,0x2000245
U1_Thief_Creature,0x2000246
U1_Villager_Creature,0x2000247
U1_Viper_Creature,0x2000248
U1_Wandering_Eyes_Creature,0x2000249
U1_Warlock_Creature,0x200024a
U1_Wench_Creature,0x200024b
U1_Wizard_Creature,0x200024c
U1_Wraith_Creature,0x200024d
U1_Zorn_Creature,0x200024e
u1_give0,0x200024f
u1_give1,0x2000250
u1_give2,0x2000251
u1_give3,0x2000252
u1_give4,0x2000253
u1_give5,0x2000254
u1_king_hitpoints_granted,0x2000255
u1_king_offer_pence,0x2000256
u1_king_offer_service,0x2000257
u1_king_prompt,0x2000258
u1_king_quest_already_bestowed,0x2000259
u1_king_quest_bestowed,0x200025a
u1_king_quest_bestowed_find,0x200025b
u1_king_quest_bestowed_kill,0x200025c
u1_king_quest_completed,0x200025d
u1_king_quest_find,0x200025e
u1_king_quest_reward,0x200025f
u1_king_quest_reward_gem,0x2000260
u1_king_quest_reward_hint,0x2000261
u1_king_quest_reward_stat,0x2000262
u1_king_return_britannia,0x2000263
U1_Castle_Barataria_Map,0x2000264
U1_Castle_Black_Dragon_Map,0x2000265
U1_Castle_Lord_British_Map,0x2000266
U1_Castle_Lost_King_Map,0x2000267
U1_Castle_Olympus_Map,0x2000268
U1_Castle_Rondorin_Map,0x2000269
U1_Castle_Shamino_Map,0x200026a
U1_Castle_White_Dragon_Map,0x200026b
U1_Dungeon_Dead_Mans_Walk_Map,0x200026c
U1_Dungeon_Dead_Warriors_Fight_Map,0x200026d
U1_Dungeon_Deaths_Awakening_Map,0x200026e
U1_Dungeon_Doom_Map,0x200026f
U1_Dungeon_End_Map,0x2000270
U1_Dungeon_Hole_Hades_Map,0x2000271
U1_Dungeon_Labyrinth_Map,0x2000272
U1_Dungeon_Lost_Caverns_Map,0x2000273
U1_Dungeon_Metal_Twister_Map,0x2000274
U1_Dungeon_Mines_Mount_Drash_Map,0x2000275
U1_Dungeon_Mondains_Gate_Hell_Map,0x2000276
U1_Dungeon_Montor_Map,0x2000277
U1_Dungeon_Perinia_Map,0x2000278
U1_Dungeon_Savage_Place_Map,0x2000279
U1_Dungeon_Scorpion_Hole_Map,0x200027a
U1_Dungeon_Skull_Smasher_Map,0x200027b
U1_Dungeon_Slow_Death_Map,0x200027c
U1_Dungeon_Spine_Breaker_Map,0x200027d
U1_Dungeon_Trolls_Hole_Map,0x200027e
U1_Dungeon_Vipers_Pit_Map,0x200027f
U1_Lair_Mondain_Map,0x2000280
U1_Sosaria_Lands_Danger_Despair_Map,0x2000281
U1_Sosaria_Lands_Dark_Unknown_Map,0x2000282
U1_Sosaria_Lands_Feudal_Lords_Map,0x2000283
U1_Sosaria_Lands_Lord_British_Map,0x2000284
U1_Sosaria_Map,0x2000285
U1_Space_Station_Alpha_Map,0x2000286
U1_Space_Station_Omega_Map,0x2000287
U1_Space_Station_Omicron_Map,0x2000288
U1_Space_Map,0x2000289
U1_Time_Machine_Map,0x200028a
U1_Town_Britain_Map,0x200028b
U1_Town_Fawn_Map,0x200028c
U1_Town_Grey_Map,0x200028d
U1_Town_Montor_Map,0x200028e
U1_Town_Moon_Map,0x200028f
U1_Town_Paws_Map,0x2000290
U1_Town_Tune_Map,0x2000291
U1_Town_Yew_Map,0x2000292
u1_merchant_armour_type_1,0x2000293
u1_merchant_armour_type_2,0x2000294
u1_merchant_armour_type_3,0x2000295
u1_merchant_armour_type_4,0x2000296
u1_merchant_armour_type_5,0x2000297
u1_merchant_armour_type_6,0x2000298
merchant_tavern_proprietor_generic,0x2000299
u1_merchant_magic_type_2,0x200029a
u1_merchant_magic_type_3,0x200029b
u1_merchant_magic_type_4,0x200029c
u1_merchant_magic_type_5,0x200029d
u1_merchant_magic_type_6,0x200029e
merchant_proprietor_generic,0x200029f
u1_merchant_rations_type_1,0x20002a0
u1_merchant_rations_type_2,0x20002a1
u1_merchant_rations_type_3,0x20002a2
u1_merchant_rations_type_4,0x20002a3
u1_merchant_rations_type_5,0x20002a4
u1_merchant_rations_type_7,0x20002a5
u1_merchant_rations_type_8,0x20002a6
u1_merchant_tavern_advice,0x20002a7
u1_merchant_tavern_special,0x20002a8
u1_merchant_tavern_type_1,0x20002a9
u1_merchant_tavern_type_2,0x20002aa
u1_merchant_tavern_type_3,0x20002ab
u1_merchant_tavern_type_4,0x20002ac
u1_merchant_tavern_type_5,0x20002ad
u1_merchant_tavern_type_6,0x20002ae
u1_merchant_tavern_type_8,0x20002af
u1_merchant_transport_type_1,0x20002b0
u1_merchant_transport_type_2,0x20002b1
u1_merchant_transport_type_3,0x20002b2
u1_merchant_transport_type_5,0x20002b3
u1_merchant_weapon_type_1,0x20002b4
u1_merchant_weapon_type_2,0x20002b5
u1_merchant_weapon_type_3,0x20002b6
u1_merchant_weapon_type_4,0x20002b7
u1_merchant_weapon_type_5,0x20002b8
u1_merchant_weapon_type_6,0x20002b9
u1_merchant_weapon_type_7,0x20002ba
u1_merchant_weapon_type_8,0x20002bb
U1_Cleric_Class,0x20002bc
U1_Fighter_Class,0x20002bd
U1_Thief_Class,0x20002be
U1_Wizard_Class,0x20002bf
U1_Grove_Portal,0x20002c0
U1_Sosaria_Portal,0x20002c1
U1_Space_Station_Portal,0x20002c2
u1_princess_beth,0x20002c3
u1_princess_cassandra,0x20002c4
u1_princess_dianne,0x20002c5
u1_princess_donna,0x20002c6
u1_princess_julia,0x20002c7
u1_princess_kristen,0x20002c8
u1_princess_lori,0x20002c9
u1_princess_marsha,0x20002ca
U1_Agility_Property,0x20002cb
U1_Charisma_Property,0x20002cc
U1_Coin_Property,0x20002cd
U1_Experience_Property,0x20002ce
U1_Food_Property,0x20002cf
U1_Gem_0_Property,0x20002d0
U1_Gem_1_Property,0x20002d1
U1_Gem_2_Property,0x20002d2
U1_Gem_3_Property,0x20002d3
U1_Gems_Property,0x20002d4
U1_Hitpoints_Property,0x20002d5
U1_Intelligence_Property,0x20002d6
U1_Keys_Property,0x20002d7
U1_Mana_Property,0x20002d8
U1_Potions_Property,0x20002d9
U1_Rope_Spikes_Property,0x20002da
U1_Shuttle_Pass_Property,0x20002db
U1_Spell_Blink_Property,0x20002dc
U1_Spell_Create_Property,0x20002dd
U1_Spell_Destroy_Property,0x20002de
U1_Spell_Down_Property,0x20002df
U1_Spell_Heal_Property,0x20002e0
U1_Spell_Kill_Property,0x20002e1
U1_Spell_Light_Property,0x20002e2
U1_Spell_Magic_Missile_Property,0x20002e3
U1_Spell_Open_Property,0x20002e4
U1_Spell_Prayer_Property,0x20002e5
U1_Spell_Surface_Property,0x20002e6
U1_Spell_Up_Property,0x20002e7
U1_Stamina_Property,0x20002e8
U1_Strength_Property,0x20002e9
U1_Torches_Property,0x20002ea
U1_Wisdom_Property,0x20002eb
u1_sign_0,0x20002ec
u1_sign_1,0x20002ed
u1_sign_2,0x20002ee
u1_sign_3,0x20002ef
u1_sign_4,0x20002f0
u1_sign_5,0x20002f1
u1_sign_6,0x20002f2
u1_sign_7,0x20002f3
U1_Blink_Arcane_Spell,0x20002f4
U1_Blink_Spell,0x20002f5
U1_Create_Arcane_Spell,0x20002f6
U1_Create_Spell,0x20002f7
U1_Destroy_Arcane_Spell,0x20002f8
U1_Destroy_Spell,0x20002f9
U1_Down_Arcane_Spell,0x20002fa
U1_Down_Spell,0x20002fb
U1_Heal_Arcane_Spell,0x20002fc
U1_Heal_Spell,0x20002fd
U1_Kill_Arcane_Spell,0x20002fe
U1_Kill_Spell,0x20002ff
U1_Light_Arcane_Spell,0x2000300
U1_Light_Spell,0x2000301
U1_Magic_Missile_Arcane_Spell,0x2000302
U1_Magic_Missile_Spell,0x2000303
U1_Open_Arcane_Spell,0x2000304
U1_Open_Spell,0x2000305
U1_Prayer_Arcane_Spell,0x2000306
U1_Prayer_Spell,0x2000307
U1_Surface_Arcane_Spell,0x2000308
U1_Surface_Spell,0x2000309
U1_Up_Arcane_Spell,0x200030a
U1_Up_Spell,0x200030b
U1_Bush_Large_Tile,0x200030c
U1_Bush_Tile,0x200030d
U1_Door_Secret_Tile,0x200030e
U1_Floor_Lair_Tile,0x200030f
U1_Floor_Tiled_Tile,0x2000310
U1_Forest_Tile,0x2000311
U1_Grass_Tile,0x2000312
U1_Mountains_Tile,0x2000313
U1_Pond_Tile,0x2000314
U1_Space_Tile,0x2000315
U1_Stars1_Tile,0x2000316
U1_Stars2_Tile,0x2000317
U1_Stars3_Tile,0x2000318
U1_Stars4_Tile,0x2000319
U1_Wall_Brick_Tile,0x200031a
U1_Wall_Fire_Tile,0x200031b
U1_Wall_Tile,0x200031c
U1_Water_Tile,0x200031d
U1_Amulet_Weapon,0x200031e
U1_Axe_Weapon,0x200031f
U1_Blaster_Weapon,0x2000320
U1_Bow_Weapon,0x2000321
U1_Cannon_Weapon,0x2000322
U1_Dagger_Weapon,0x2000323
U1_Great_Sword_Weapon,0x2000324
U1_Light_Sword_Weapon,0x2000325
U1_Mace_Weapon,0x2000326
U1_Magic_Missile_Weapon,0x2000327
U1_Phazor_Weapon,0x2000328
U1_Pistol_Weapon,0x2000329
U1_Staff_Weapon,0x200032a
U1_Sword_Weapon,0x200032b
U1_Triangle_Weapon,0x200032c
U1_Wand_Weapon,0x200032d
U1_Aircar_Widget,0x200032e
U1_Bar_Down_Widget,0x200032f
U1_Bar_Horizontal_Widget,0x2000330
U1_Bar_Left_Widget,0x2000331
U1_Bar_Right_Widget,0x2000332
U1_Bar_Up_Widget,0x2000333
U1_Bar_Vertical_Widget,0x2000334
U1_Barrier_Widget,0x2000335
U1_Cart_Widget,0x2000336
U1_Chest_Widget,0x2000337
U1_Door_Widget,0x2000338
U1_Door_Locked_Widget,0x2000339
U1_Door_Princess_Widget,0x200033a
U1_Explosion_Widget,0x200033b
U1_Frigate_Widget,0x200033c
U1_Gem_Immortality_Widget,0x200033d
U1_Horse_Widget,0x200033e
U1_Pit_Widget,0x200033f
U1_Pond_NE_Widget,0x2000340
U1_Pond_NW_Widget,0x2000341
U1_Pond_SE_Widget,0x2000342
U1_Pond_SW_Widget,0x2000343
U1_Pond_Widget,0x2000344
U1_Pond_UL_Angle_Widget,0x2000345
U1_Pond_UR_Angle_Widget,0x2000346
U1_Pub_Doorway_Widget,0x2000347
U1_Raft_Widget,0x2000348
U1_Shuttle_Widget,0x2000349
U1_Signpost_Widget,0x200034a
U1_Space_Fighter1_Widget,0x200034b
U1_Space_Fighter2_Widget,0x200034c
U1_Sun_Widget,0x200034d
U1_Time_Machine_Widget,0x200034e
U1_Trap_Widget,0x200034f
U2_Chain_Armour,0x2000350
U2_Cloth_Armour,0x2000351
U2_Leather_Armour,0x2000352
U2_Plate_Armour,0x2000353
U2_Power_Armour,0x2000354
U2_Reflect_Armour,0x2000355
U2_Balron_Creature,0x2000356
U2_Cleric_Creature,0x2000357
U2_Carrion_Creeper_Creature,0x2000358
U2_Daemon_Creature,0x2000359
U2_Devil_Creature,0x200035a
U2_Fighter_Creature,0x200035b
U2_Gargoyle_Creature,0x200035c
U2_Ghost_Creature,0x200035d
U2_Gremlin_Creature,0x200035e
U2_Guard_Creature,0x200035f
U2_Horse_Creature,0x2000360
U2_Jester_Creature,0x2000361
U2_King_Creature,0x2000362
U2_Lizard_Man_Creature,0x2000363
U2_Manowar_Creature,0x2000364
U2_Minax_Creature,0x2000365
U2_Minotaur_Creature,0x2000366
U2_Necromancer_Creature,0x2000367
U2_Ness_Creature,0x2000368
U2_Orc_Creature,0x2000369
U2_Pirate_Ship_Creature,0x200036a
U2_Princess_Creature,0x200036b
U2_Sea_Monster_Creature,0x200036c
U2_Space_Enemy_Creature,0x200036d
U2_Tangler_Creature,0x200036e
U2_Thief_Creature,0x200036f
U2_Titan_Creature,0x2000370
U2_Villager_Creature,0x2000371
U2_Viper_Creature,0x2000372
U2_Wandering_Eyes_Creature,0x2000373
U2_Warlock_Creature,0x2000374
U2_Wizard_Creature,0x2000375
U2_Wraith_Creature,0x2000376
U2_Zombie_Creature,0x2000377
u2_give0,0x2000378
u2_give1,0x2000379
u2_give2,0x200037a
u2_give3,0x200037b
u2_give4,0x200037c
u2_give5,0x200037d
u2_lord_british_greet,0x200037e
u2_lord_british_hp,0x200037f
u2_lord_british_offer_hitpoint_tribute,0x2000380
u2_lord_british_return_britannia,0x2000381
u2_lord_british_tribute,0x2000382
u2_lord_british_tribute_failed,0x2000383
U2_Earth_AD_1990_World_Map,0x2000384
U2_Earth_AD_Castle_Lord_British_Map,0x2000385
U2_Earth_AD_Dungeon_Map,0x2000386
U2_Earth_AD_Tower_Map,0x2000387
U2_Earth_AD_Towne_New_San_Antonio_Map,0x2000388
U2_Earth_AD_Village_Port_Bonifice_Map,0x2000389
U2_Earth_Aftermath_Dungeon_Map,0x200038a
U2_Earth_Aftermath_Village_Pirates_Harbour_Map,0x200038b
U2_Earth_Aftermath_World_Map,0x200038c
U2_Earth_BC_1423_World_Map,0x200038d
U2_Earth_BC_Castle_Lord_British_Map,0x200038e
U2_Earth_BC_Dungeon_Map,0x200038f
U2_Earth_BC_Tower_Map,0x2000390
U2_Earth_BC_Towne_Linda_Map,0x2000391
U2_Earth_BC_Village_Le_Jester_Map,0x2000392
U2_Earth_Legends_Castle_Shadow_Guard_Map,0x2000393
U2_Earth_Legends_World_Map,0x2000394
U2_Earth_Pangea_Dungeon_Map,0x2000395
U2_Earth_Pangea_Towne_Baradins_Town_Map,0x2000396
U2_Earth_Pangea_World_Map,0x2000397
U2_Jupiter_Dungeon_Map,0x2000398
U2_Jupiter_Tower_Map,0x2000399
U2_Jupiter_Village_Preppies_Map,0x200039a
U2_Jupiter_World_Map,0x200039b
U2_Mars_Towne_Mary_Map,0x200039c
U2_Mars_World_Map,0x200039d
U2_Mercury_Dungeon_Map,0x200039e
U2_Mercury_World_Map,0x200039f
U2_Neptune_Village_Computer_Camp_Map,0x20003a0
U2_Neptune_World_Map,0x20003a1
U2_Planetx_Castle_Barataria_Map,0x20003a2
U2_Planetx_Towne_Basko_Map,0x20003a3
U2_Planetx_World_Map,0x20003a4
U2_Pluto_Dungeon_Map,0x20003a5
U2_Pluto_Towne_Makler_Map,0x20003a6
U2_Pluto_Village_Tommersville_Map,0x20003a7
U2_Pluto_World_Map,0x20003a8
U2_Saturn_World_Map,0x20003a9
U2_Space_Earth_Map,0x20003aa
U2_Space_Jupiter_Map,0x20003ab
U2_Space_Mars_Map,0x20003ac
U2_Space_Mercury_Map,0x20003ad
U2_Space_Neptune_Map,0x20003ae
U2_Space_Planet_X_Map,0x20003af
U2_Space_Pluto_Map,0x20003b0
U2_Space_Saturn_Map,0x20003b1
U2_Space_Sun_Map,0x20003b2
U2_Space_Map,0x20003b3
U2_Space_Uranus_Map,0x20003b4
U2_Space_Venus_Map,0x20003b5
U2_Uranus_Village_New_Jester_Map,0x20003b6
U2_Uranus_World_Map,0x20003b7
U2_Venus_World_Map,0x20003b8
u2_merchant_armour_ad_new_san_antonio,0x20003b9
u2_merchant_armour_bc_linda,0x20003ba
u2_merchant_armour_mars_towne_mary,0x20003bb
u2_merchant_armour_planetx_towne_basko,0x20003bc
u2_merchant_armour_pluto_towne_makler,0x20003bd
u2_merchant_magic_ad_port_bonifice_cleric,0x20003be
u2_merchant_magic_ad_port_bonifice_wizard,0x20003bf
u2_merchant_magic_aftermath_pirates_harbour_wizard,0x20003c0
u2_merchant_magic_bc_le_jester_cleric,0x20003c1
u2_merchant_magic_bc_le_jester_wizard,0x20003c2
u2_merchant_magic_jupiter_village_preppies_cleric,0x20003c3
u2_merchant_magic_jupiter_village_preppies_wizard,0x20003c4
u2_merchant_magic_neptune_computer_camp_cleric,0x20003c5
u2_merchant_magic_neptune_computer_camp_wizard,0x20003c6
u2_merchant_magic_pangea_baradins_cleric,0x20003c7
u2_merchant_magic_pangea_baradins_wizard,0x20003c8
u2_merchant_magic_pluto_tommersville_cleric,0x20003c9
u2_merchant_magic_pluto_tommersville_wizard,0x20003ca
u2_merchant_magic_uranus_new_jester_cleric,0x20003cb
u2_merchant_magic_uranus_new_jester_wizard,0x20003cc
u2_merchant_rations_ad_port_bonifice,0x20003d3
u2_merchant_rations_bc_le_jester,0x20003d4
u2_merchant_rations_jupiter_village_preppies,0x20003d5
u2_merchant_rations_neptune_computer_camp,0x20003d6
u2_merchant_rations_pangea_baradins,0x20003d7
u2_merchant_rations_pluto_tommersville,0x20003d8
u2_merchant_rations_uranus_new_jester,0x20003d9
u2_merchant_stable_ad_new_san_antonio,0x20003da
u2_merchant_stable_bc_linda,0x20003db
u2_merchant_stable_mars_towne_mary,0x20003dc
u2_merchant_stable_planetx_towne_basko,0x20003dd
u2_merchant_stable_pluto_towne_makler,0x20003de
u2_merchant_tavern_ad_new_san_antonio,0x20003df
u2_merchant_tavern_bc_linda,0x20003e0
u2_merchant_tavern_mars_towne_mary,0x20003e1
u2_merchant_tavern_planetx_towne_basko,0x20003e2
u2_merchant_tavern_pluto_towne_makler,0x20003e3
u2_merchant_weapon_ad_new_san_antonio,0x20003e4
u2_merchant_weapon_bc_linda,0x20003e5
u2_merchant_weapon_mars_towne_mary,0x20003e6
u2_merchant_weapon_planetx_towne_basko,0x20003e7
u2_merchant_weapon_pluto_towne_makler,0x20003e8
U2_Cleric_Class,0x20003e9
U2_Fighter_Class,0x20003ea
U2_Thief_Class,0x20003eb
U2_Wizard_Class,0x20003ec
U2_Portal_Tower_Type,0x20003ed
U2_Agility_Property,0x20003ee
U2_Ankhs_Property,0x20003ef
U2_Blue_Tassles_Property,0x20003f0
U2_Boots_Property,0x20003f1
U2_Brass_Buttons_Property,0x20003f2
U2_Charisma_Property,0x20003f3
U2_Cloaks_Property,0x20003f4
U2_Experience_Property,0x20003f5
U2_Food_Property,0x20003f6
U2_Gold_Property,0x20003f7
U2_Green_Idols_Property,0x20003f8
U2_Helms_Property,0x20003f9
U2_Hitpoints_Property,0x20003fa
U2_Intelligence_Property,0x20003fb
U2_Keys_Property,0x20003fc
U2_Mana_Property,0x20003fd
U2_Potions_Property,0x20003fe
U2_Magic_Ring_Property,0x20003ff
U2_Rings_Property,0x2000400
U2_Skull_Keys_Property,0x2000401
U2_Spell_Blink_Property,0x2000402
U2_Spell_Down_Property,0x2000403
U2_Spell_Heal_Property,0x2000404
U2_Spell_Kill_Property,0x2000405
U2_Spell_Light_Property,0x2000406
U2_Spell_Magic_Missile_Property,0x2000407
U2_Spell_Prayer_Property,0x2000408
U2_Spell_Surface_Property,0x2000409
U2_Spell_Up_Property,0x200040a
U2_Staffs_Property,0x200040b
U2_Stamina_Property,0x200040c
U2_Strength_Property,0x200040d
U2_Tools_Property,0x200040e
U2_Torches_Property,0x200040f
U2_Tri_Lithium_Property,0x2000410
U2_Wands_Property,0x2000411
U2_Wisdom_Property,0x2000412
u2_sign_0,0x2000413
u2_sign_1,0x2000414
u2_sign_2,0x2000415
u2_sign_3,0x2000416
u2_sign_4,0x2000417
u2_sign_5,0x2000418
U2_Blink_Spell,0x2000419
U2_Down_Spell,0x200041a
U2_Heal_Spell,0x200041b
U2_Kill_Spell,0x200041c
U2_Light_Spell,0x200041d
U2_Magic_Missile_Spell,0x200041e
U2_Prayer_Spell,0x200041f
U2_Surface_Spell,0x2000420
U2_Up_Spell,0x2000421
U2_Door_Secret_Tile,0x2000422
U2_Floor_Brick_Dungeon_Tile,0x2000423
U2_Floor_Brick_Tile,0x2000424
U2_Forest_Tile,0x2000425
U2_Grass_Tile,0x2000426
U2_Marsh_Tile,0x2000427
U2_Mountains_Tile,0x2000428
U2_Sign_A_Tile,0x2000429
U2_Sign_B_Tile,0x200042a
U2_Sign_C_Tile,0x200042b
U2_Sign_D_Tile,0x200042c
U2_Sign_E_Tile,0x200042d
U2_Sign_F_Tile,0x200042e
U2_Sign_G_Tile,0x200042f
U2_Sign_H_Tile,0x2000430
U2_Sign_I_Tile,0x2000431
U2_Sign_J_Tile,0x2000432
U2_Sign_K_Tile,0x2000433
U2_Sign_L_Tile,0x2000434
U2_Sign_Left_Tile,0x2000435
U2_Sign_M_Tile,0x2000436
U2_Sign_N_Tile,0x2000437
U2_Sign_O_Tile,0x2000438
U2_Sign_P_Tile,0x2000439
U2_Sign_Q_Tile,0x200043a
U2_Sign_R_Tile,0x200043b
U2_Sign_Right_Tile,0x200043c
U2_Sign_S_Tile,0x200043d
U2_Sign_Space_Tile,0x200043e
U2_Sign_T_Tile,0x200043f
U2_Sign_U_Tile,0x2000440
U2_Sign_V_Tile,0x2000441
U2_Sign_W_Tile,0x2000442
U2_Sign_X_Tile,0x2000443
U2_Sign_Y_Tile,0x2000444
U2_Sign_Z_Tile,0x2000445
U2_Wall_Brick_Dungeon_Tile,0x2000446
U2_Wall_Brick_Tile,0x2000447
U2_Water_Tile,0x2000448
U2_Axe_Weapon,0x2000449
U2_Bow_Weapon,0x200044a
U2_Cannon_Weapon,0x200044b
U2_Dagger_Weapon,0x200044c
U2_Great_Sword_Weapon,0x200044d
U2_Light_Sword_Weapon,0x200044e
U2_Mace_Weapon,0x200044f
U2_Magic_Missile_Weapon,0x2000450
U2_Phaser_Weapon,0x2000451
U2_Quick_Sword_Weapon,0x2000452
U2_Sword_Weapon,0x2000453
U2_Chest_Widget,0x2000454
U2_Door_Widget,0x2000455
U2_Door_Locked_Widget,0x2000456
U2_Force_Field_Widget,0x2000457
U2_Horse_Widget,0x2000458
U2_Plane_Widget,0x2000459
U2_Rocket_Widget,0x200045a
U2_Shield_Widget,0x200045b
U2_Ship_Widget,0x200045c
U2_Signpost_Widget,0x200045d
U2_Sword_Widget,0x200045e
U2_Timegate_Facade_Widget,0x200045f
U2_Timegate_Widget,0x2000460
U3_Chain_Armour,0x2000461
U3_Cloth_Armour,0x2000462
U3_Dragon_Plate_Armour,0x2000463
U3_Exotic_Armour,0x2000464
U3_Leather_Armour,0x2000465
U3_Plate_Armour,0x2000466
U3_Steel_Chain_Armour,0x2000467
u3_card,0x2000468
u3_card_0,0x2000469
u3_card_1,0x200046a
u3_card_2,0x200046b
u3_card_3,0x200046c
u3_command_look_mark,0x200046d
U3_Adventurer_Creature,0x200046e
U3_Balron_Creature,0x200046f
U3_Bradle_Creature,0x2000470
U3_Brigand_Creature,0x2000471
U3_Cleric_Creature,0x2000472
U3_Crawler_Creature,0x2000473
U3_Cutpurse_Creature,0x2000474
U3_Daemon_Creature,0x2000475
U3_Devil_Creature,0x2000476
U3_Dragon_Creature,0x2000477
U3_Evil_Trent_Creature,0x2000478
U3_Fighter_Creature,0x2000479
U3_Gargoyle_Creature,0x200047a
U3_Ghoul_Creature,0x200047b
U3_Giant_Creature,0x200047c
U3_Goblin_Creature,0x200047d
U3_Golem_Creature,0x200047e
U3_Gremlin_Creature,0x200047f
U3_Griffon_Creature,0x2000480
U3_Guard_Creature,0x2000481
U3_Horse_Creature,0x2000482
U3_Jester_Creature,0x2000483
U3_King_Creature,0x2000484
U3_Lecher_Creature,0x2000485
U3_Mane_Creature,0x2000486
U3_Manowar_Creature,0x2000487
U3_Mimic_Creature,0x2000488
U3_Orc_Creature,0x2000489
U3_Orcus_Creature,0x200048a
U3_Pincher_Creature,0x200048b
U3_Pirate_Ship_Creature,0x200048c
U3_Sea_Serpent_Creature,0x200048d
U3_Skeleton_Creature,0x200048e
U3_Snatch_Creature,0x200048f
U3_Thief_Creature,0x2000490
U3_Timelord_Creature,0x2000491
U3_Titan_Creature,0x2000492
U3_Troll_Creature,0x2000493
U3_Villager_Creature,0x2000494
U3_Viscious_Floor_Creature,0x2000495
U3_Viscious_Grass_Creature,0x2000496
U3_Wench_Creature,0x2000497
U3_Wizard_Creature,0x2000498
U3_Wyvern_Creature,0x2000499
U3_Zombie_Creature,0x200049a
u3_give0,0x200049b
u3_give1,0x200049c
u3_give2,0x200049d
u3_give3,0x200049e
u3_give4,0x200049f
u3_lord_british_bye,0x20004a0
u3_lord_british_exp_more,0x20004a1
u3_lord_british_greater,0x20004a2
u3_lord_british_greet,0x20004a3
u3_lord_british_mark_req,0x20004a4
u3_lord_british_no_more,0x20004a5
u3_lord_british_report,0x20004a6
u3_lord_british_return_britannia,0x20004a7
U3_Ambrosia_Map,0x20004a8
U3_Castle_Fire_Map,0x20004a9
U3_Castle_Lord_British_Map,0x20004aa
U3_Dungeon_Dardins_Pit_Map,0x20004ab
U3_Dungeon_Doom_Map,0x20004ac
U3_Dungeon_Fire_Map,0x20004ad
U3_Dungeon_Mines_Of_Morinia_Map,0x20004ae
U3_Dungeon_Perinian_Depths_Map,0x20004af
U3_Dungeon_Snake_Map,0x20004b0
U3_Dungeon_Time_Map,0x20004b1
U3_Shrine_Dexterity_Map,0x20004b2
U3_Shrine_Intelligence_Map,0x20004b3
U3_Shrine_Strength_Map,0x20004b4
U3_Shrine_Wisdom_Map,0x20004b5
U3_Sosaria_Map,0x20004b6
U3_Towne_Britain_Map,0x20004b7
U3_Towne_Dawn_Map,0x20004b8
U3_Towne_Death_Gulch_Map,0x20004b9
U3_Towne_Devil_Guard_Map,0x20004ba
U3_Towne_Fawn_Map,0x20004bb
U3_Towne_Grey_Map,0x20004bc
U3_Towne_Montor_East_Map,0x20004bd
U3_Towne_Montor_West_Map,0x20004be
U3_Towne_Moon_Map,0x20004bf
U3_Towne_Yew_Map,0x20004c0
u3_mark_0,0x20004c1
u3_mark_1,0x20004c2
u3_mark_2,0x20004c3
u3_mark_3,0x20004c4
U3_Alchemist_Class,0x20004c5
U3_Barbarian_Class,0x20004c6
U3_Cleric_Class,0x20004c7
U3_Druid_Class,0x20004c8
U3_Fighter_Class,0x20004c9
U3_Illusionist_Class,0x20004ca
U3_Lark_Class,0x20004cb
U3_Paladin_Class,0x20004cc
U3_Ranger_Class,0x20004cd
U3_Thief_Class,0x20004ce
U3_Wizard_Class,0x20004cf
U3_Dexterity_Property,0x20004d0
U3_Experience_Property,0x20004d1
U3_Food_Property,0x20004d2
U3_Gems_Property,0x20004d3
U3_Gold_Property,0x20004d4
U3_Hitpoints_Property,0x20004d5
U3_Intelligence_Property,0x20004d6
U3_Keys_Property,0x20004d7
U3_Level_Property,0x20004d8
U3_Mana_Property,0x20004d9
U3_Potions_Property,0x20004da
U3_Strength_Property,0x20004db
U3_Torches_Property,0x20004dc
U3_Wisdom_Property,0x20004dd
U3_Alcort_Spell,0x20004de
U3_Altair_Spell,0x20004df
U3_Anju_Sermani_Spell,0x20004e0
U3_Appar_Unem_Spell,0x20004e1
U3_Dag_Acron_Spell,0x20004e2
U3_Dag_Lorum_Spell,0x20004e3
U3_Dag_Mentor_Spell,0x20004e4
U3_Decorp_Spell,0x20004e5
U3_Dor_Acron_Spell,0x20004e6
U3_Excuun_Spell,0x20004e7
U3_Fulgar_Spell,0x20004e8
U3_Lib_Rec_Spell,0x20004e9
U3_Lorum_Spell,0x20004ea
U3_Luminae_Spell,0x20004eb
U3_Mentar_Spell,0x20004ec
U3_Mittar_Spell,0x20004ed
U3_Necorp_Spell,0x20004ee
U3_Noxum_Spell,0x20004ef
U3_Pontori_Spell,0x20004f0
U3_Rec_Du_Spell,0x20004f1
U3_Rec_Su_Spell,0x20004f2
U3_Repond_Spell,0x20004f3
U3_Sanctu_Mani_Spell,0x20004f4
U3_Sanctu_Spell,0x20004f5
U3_Sequitu_Spell,0x20004f6
U3_Sominae_Spell,0x20004f7
U3_Sur_Acron_Spell,0x20004f8
U3_Surmandum_Spell,0x20004f9
U3_Unnamed_Spell,0x20004fa
U3_Vieda_Spell,0x20004fb
U3_Zxkuqyb_Spell,0x20004fc
U3_Brush_Tile,0x20004fd
U3_Door_Secret_Tile,0x20004fe
U3_Floor_Brick_Dungeon_Tile,0x20004ff
U3_Floor_Brick_Tile,0x2000500
U3_Forest_Tile,0x2000501
U3_Grass_Tile,0x2000502
U3_Lava_Tile,0x2000503
U3_Mountains_Tile,0x2000504
U3_Sign_A_Tile,0x2000505
U3_Sign_B_Tile,0x2000506
U3_Sign_C_Tile,0x2000507
U3_Sign_D_Tile,0x2000508
U3_Sign_E_Tile,0x2000509
U3_Sign_F_Tile,0x200050a
U3_Sign_G_Tile,0x200050b
U3_Sign_H_Tile,0x200050c
U3_Sign_I_Tile,0x200050d
U3_Sign_J_Tile,0x200050e
U3_Sign_K_Tile,0x200050f
U3_Sign_L_Tile,0x2000510
U3_Sign_Left_Tile,0x2000511
U3_Sign_M_Tile,0x2000512
U3_Sign_N_Tile,0x2000513
U3_Sign_O_Tile,0x2000514
U3_Sign_P_Tile,0x2000515
U3_Sign_Q_Tile,0x2000516
U3_Sign_R_Tile,0x2000517
U3_Sign_Right_Tile,0x2000518
U3_Sign_S_Tile,0x2000519
U3_Sign_Space_Tile,0x200051a
U3_Sign_T_Tile,0x200051b
U3_Sign_U_Tile,0x200051c
U3_Sign_V_Tile,0x200051d
U3_Sign_W_Tile,0x200051e
U3_Sign_X_Tile,0x200051f
U3_Sign_Y_Tile,0x2000520
U3_Sign_Z_Tile,0x2000521
U3_Wall_Brick_Dungeon_Tile,0x2000522
U3_Wall_Brick_Tile,0x2000523
U3_Water_Tile,0x2000524
U3_Axe_Weapon,0x2000525
U3_Bow_Weapon,0x2000526
U3_Broad_Axe_Weapon,0x2000527
U3_Cannon_Weapon,0x2000528
U3_Dagger_Weapon,0x2000529
U3_Exotic_Weapon,0x200052a
U3_Fighters_Axe_Weapon,0x200052b
U3_Fireball_Weapon,0x200052c
U3_Gloves_Weapon,0x200052d
U3_Iron_Sword_Weapon,0x200052e
U3_Long_Bow_Weapon,0x200052f
U3_Mace_Weapon,0x2000530
U3_Magic_Missile_Weapon,0x2000531
U3_Silver_Bow_Weapon,0x2000532
U3_Sling_Weapon,0x2000533
U3_Sun_Sword_Weapon,0x2000534
U3_Sword_Weapon,0x2000535
U3_Two_Handed_Sword_Weapon,0x2000536
U3_Ashes_Widget,0x2000537
U3_Chest_Widget,0x2000538
U3_Door_Widget,0x2000539
U3_Door_Locked_Widget,0x200053a
U3_Exodus_Widget,0x200053b
U3_Force_Field_Widget,0x200053c
U3_Fountain_Widget,0x200053d
U3_Lava_Widget,0x200053e
u3_widget_mark_rod,0x200053f
U3_Mark_Rod_Widget,0x2000540
U3_Moongate_Alt_Widget,0x2000541
U3_Moongate_Widget,0x2000542
U3_Serpent_Head_Widget,0x2000543
U3_Serpent_Tail_Widget,0x2000544
U3_Ship_Widget,0x2000545
U3_Signpost_Widget,0x2000546
U3_Trap_Widget,0x2000547
U3_Whirlpool_Widget,0x2000548
U4_Chain_Magic_Armour,0x2000549
U4_Chain_Armour,0x200054a
U4_Cloth_Armour,0x200054b
U4_Leather_Armour,0x200054c
U4_Plate_Magic_Armour,0x200054d
U4_Plate_Armour,0x200054e
U4_Robe_Mystic_Armour,0x200054f
u4_codex_axiom_test,0x2000550
u4_codex_axiom_test_failed,0x2000551
u4_codex_axiom_test_passed,0x2000552
u4_codex_chamber,0x2000553
u4_codex_key,0x2000554
u4_codex_principle_test_passed,0x2000555
u4_codex_principle_test0,0x2000556
u4_codex_principle_test1,0x2000557
u4_codex_principle_test2,0x2000558
u4_codex_question_missed,0x2000559
u4_codex_test_failed,0x200055a
u4_codex_virtue_test_passed,0x200055b
u4_codex_virtue_test0,0x200055c
u4_codex_virtue_test1,0x200055d
u4_codex_virtue_test2,0x200055e
u4_codex_virtue_test3,0x200055f
u4_codex_virtue_test4,0x2000560
u4_codex_virtue_test5,0x2000561
u4_codex_virtue_test6,0x2000562
u4_codex_virtue_test7,0x2000563
u4_codex_voice0,0x2000564
u4_codex_voice1,0x2000565
u4_codex_voice2,0x2000566
u4_codex_voice3,0x2000567
u4_codex_word_of_passage,0x2000568
u4_codex_word_of_passage_failed,0x2000569
u4_codex_word_of_passage_granted,0x200056a
u4_command_land_balloon,0x200056b
u4_command_look_abyss_altar,0x200056c
u4_command_look_abyss_altar_prompt,0x200056d
u4_command_look_abyss_altar_prompt_2,0x200056e
u4_command_look_abyss_altar_question_1,0x200056f
u4_command_look_abyss_altar_question_2,0x2000570
u4_command_look_abyss_altar_question_3,0x2000571
u4_command_look_abyss_altar_question_4,0x2000572
u4_command_look_abyss_altar_question_5,0x2000573
u4_command_look_abyss_altar_question_6,0x2000574
u4_command_look_abyss_altar_question_7,0x2000575
u4_command_look_abyss_altar_question_8,0x2000576
u4_command_look_ankh,0x2000577
u4_command_look_codex,0x2000578
u4_command_look_dungeon_altar,0x2000579
u4_command_look_dungeon_altar_prompt,0x200057a
u4_command_look_fountain,0x200057b
u4_command_look_orb,0x200057c
u4_command_look_telescope,0x200057d
u4_command_meditate_begin,0x200057e
u4_command_meditate_cycles,0x200057f
u4_command_meditate_mantra,0x2000580
u4_command_meditate_virtue,0x2000581
U4_Adventurer_Creature,0x2000582
U4_Ankh_Creature,0x2000583
U4_Balron_Creature,0x2000584
U4_Bard_Creature,0x2000585
U4_Bat_Creature,0x2000586
U4_Beggar_Creature,0x2000587
U4_Bull_Creature,0x2000588
U4_Child_Creature,0x2000589
U4_Cyclops_Creature,0x200058a
U4_Daemon_Creature,0x200058b
U4_Dragon_Creature,0x200058c
U4_Druid_Creature,0x200058d
U4_Ettin_Creature,0x200058e
U4_Fighter_Creature,0x200058f
U4_Fire_Spirit_Creature,0x2000590
U4_Gazer_Creature,0x2000591
U4_Ghost_Creature,0x2000592
U4_Gremlin_Creature,0x2000593
U4_Guard_Creature,0x2000594
U4_Headless_Creature,0x2000595
U4_Horse_Creature,0x2000596
U4_Hydra_Creature,0x2000597
U4_Insect_Swarm_Creature,0x2000598
U4_Jester_Creature,0x2000599
U4_King_Creature,0x200059a
U4_Lava_Lizard_Creature,0x200059b
U4_Lich_Creature,0x200059c
U4_Mage_Creature,0x200059d
U4_Mimic_Creature,0x200059e
U4_Musician_Creature,0x200059f
U4_Nixie_Creature,0x20005a0
U4_Orc_Creature,0x20005a1
U4_Paladin_Creature,0x20005a2
U4_Phantom_Field_Creature,0x20005a3
U4_Phantom_Creature,0x20005a4
U4_Pirate_Ship_Creature,0x20005a5
U4_Ranger_Creature,0x20005a6
U4_Rat_Creature,0x20005a7
U4_Reaper_Creature,0x20005a8
U4_Rogue_Creature,0x20005a9
U4_Sea_Serpent_Creature,0x20005aa
U4_Seahorse_Creature,0x20005ab
U4_Serpent_Creature,0x20005ac
U4_Shepherd_Creature,0x20005ad
U4_Skeleton_Creature,0x20005ae
U4_Slime_Creature,0x20005af
U4_Spider_Creature,0x20005b0
U4_Squid_Creature,0x20005b1
U4_Tinker_Creature,0x20005b2
U4_Troll_Creature,0x20005b3
U4_Villager_Creature,0x20005b4
U4_Water_Spirit_Creature,0x20005b5
U4_Wisp_Creature,0x20005b6
U4_Wizard_Creature,0x20005b7
U4_Wounded_Adventurer_Creature,0x20005b8
U4_Zorn_Creature,0x20005b9
u4_give0,0x20005ba
u4_give1,0x20005bb
u4_give2,0x20005bc
u4_give3,0x20005bd
u4_give4,0x20005be
u4_give5,0x20005bf
u4_give6,0x20005c0
u4_install_req,0x20005c1
u4_item_bell,0x20005c2
u4_item_bell_of_courage,0x20005c3
u4_item_book,0x20005c4
u4_item_book_of_truth,0x20005c5
u4_item_candle,0x20005c6
u4_item_candle_of_love,0x20005c7
u4_item_horn,0x20005c8
u4_item_key1,0x20005c9
u4_item_key2,0x20005ca
u4_item_key3,0x20005cb
u4_item_sextant,0x20005cc
u4_item_silver_horn,0x20005cd
u4_item_skull_fragment,0x20005ce
u4_item_three_part_key,0x20005cf
u4_lord_british_bye,0x20005d0
u4_lord_british_greet1,0x20005d1
u4_lord_british_greet2,0x20005d2
u4_lord_british_greet3,0x20005d3
u4_lord_british_level,0x20005d4
u4_lord_british_no_info,0x20005d5
u4_lord_british_prompt1,0x20005d6
u4_lord_british_prompt2,0x20005d7
u4_lord_british_prompt3,0x20005d8
U4_Altar_Courage_Map,0x20005d9
U4_Altar_Love_Map,0x20005da
U4_Altar_Truth_Map,0x20005db
U4_Britannia_Map,0x20005dc
U4_Castle_British_Map,0x20005dd
U4_Cave_Dragon_Map,0x20005de
U4_Cave_Ghost_Map,0x20005df
U4_Cave_Labyrinth_Map,0x20005e0
U4_Cave_Mine_Map,0x20005e1
U4_Dungeon_Codex_Chamber_Map,0x20005e2
U4_Dungeon_Covetous_Map,0x20005e3
U4_Dungeon_Deceit_Map,0x20005e4
U4_Dungeon_Despise_Map,0x20005e5
U4_Dungeon_Destard_Map,0x20005e6
U4_Dungeon_Hythloth_Map,0x20005e7
U4_Dungeon_Shame_Map,0x20005e8
U4_Dungeon_Stygian_Map,0x20005e9
U4_Dungeon_Wrong_Map,0x20005ea
U4_Keep_Empath_Abbey_Map,0x20005eb
U4_Keep_Lycaeum_Map,0x20005ec
U4_Keep_Serpents_Hold_Map,0x20005ed
U4_Shrine_Compassion_Map,0x20005ee
U4_Shrine_Honesty_Map,0x20005ef
U4_Shrine_Honor_Map,0x20005f0
U4_Shrine_Humility_Map,0x20005f1
U4_Shrine_Justice_Map,0x20005f2
U4_Shrine_Sacrifice_Map,0x20005f3
U4_Shrine_Spirituality_Map,0x20005f4
U4_Shrine_Map,0x20005f5
U4_Shrine_Valor_Map,0x20005f6
U4_Towne_Britain_Map,0x20005f7
U4_Towne_Jhelom_Map,0x20005f8
U4_Towne_Magincia_Map,0x20005f9
U4_Towne_Minoc_Map,0x20005fa
U4_Towne_Moonglow_Map,0x20005fb
U4_Towne_Skara_Brae_Map,0x20005fc
U4_Towne_Trinsic_Map,0x20005fd
U4_Towne_Yew_Map,0x20005fe
U4_Village_Buccaneers_Den_Map,0x20005ff
U4_Village_Cove_Map,0x2000600
U4_Village_Paws_Map,0x2000601
U4_Village_Vesper_Map,0x2000602
u4_merchant_armour_britain,0x2000603
u4_merchant_armour_britain_proprietor,0x2000604
u4_merchant_armour_buccaneers_den,0x2000605
u4_merchant_armour_buccaneers_den_proprietor,0x2000606
u4_merchant_armour_buy,0x2000607
u4_merchant_armour_buy_no,0x2000608
u4_merchant_armour_buy_prompt,0x2000609
u4_merchant_armour_buy_yes,0x200060a
u4_merchant_armour_bye,0x200060b
u4_merchant_armour_cant_pay,0x200060c
u4_merchant_armour_continue,0x200060d
u4_merchant_armour_desc1,0x200060e
u4_merchant_armour_desc2,0x200060f
u4_merchant_armour_desc3,0x2000610
u4_merchant_armour_desc4,0x2000611
u4_merchant_armour_desc5,0x2000612
u4_merchant_armour_desc6,0x2000613
u4_merchant_armour_greet,0x2000614
u4_merchant_armour_greet_2,0x2000615
u4_merchant_armour_jhelom,0x2000616
u4_merchant_armour_jhelom_proprietor,0x2000617
u4_merchant_armour_paws,0x2000618
u4_merchant_armour_paws_proprietor,0x2000619
u4_merchant_armour_prompt,0x200061a
u4_merchant_armour_prompt_2,0x200061b
u4_merchant_armour_sell,0x200061c
u4_merchant_armour_sell_no,0x200061d
u4_merchant_armour_sell_no_items,0x200061e
u4_merchant_armour_sell_offer,0x200061f
u4_merchant_armour_sell_yes,0x2000620
u4_merchant_armour_trinsic,0x2000621
u4_merchant_armour_trinsic_proprietor,0x2000622
u4_merchant_guild_buccaneers_den,0x2000623
u4_merchant_guild_buccaneers_den_proprietor,0x2000624
u4_merchant_guild_buy_canc,0x2000625
u4_merchant_guild_buy_ok,0x2000626
u4_merchant_guild_bye,0x2000627
u4_merchant_guild_cant_pay,0x2000628
u4_merchant_guild_desc,0x2000629
u4_merchant_guild_desc4,0x200062a
u4_merchant_guild_gems,0x200062b
u4_merchant_guild_greet,0x200062c
u4_merchant_guild_greet_2,0x200062d
u4_merchant_guild_keys,0x200062e
u4_merchant_guild_prompt,0x200062f
u4_merchant_guild_prompt_2,0x2000630
u4_merchant_guild_prompt_3,0x2000631
u4_merchant_guild_prompt4,0x2000632
u4_merchant_guild_sextant,0x2000633
u4_merchant_guild_torches,0x2000634
u4_merchant_guild_vesper,0x2000635
u4_merchant_guild_vesper_proprietor,0x2000636
u4_merchant_guild_yes,0x2000637
u4_merchant_healer_britain,0x2000638
u4_merchant_healer_britain_proprietor,0x2000639
u4_merchant_healer_bye,0x200063a
u4_merchant_healer_cant_cure,0x200063b
u4_merchant_healer_cant_heal,0x200063c
u4_merchant_healer_cant_pay,0x200063d
u4_merchant_healer_cant_res,0x200063e
u4_merchant_healer_cove,0x200063f
u4_merchant_healer_cove_proprietor,0x2000640
u4_merchant_healer_cure_ok,0x2000641
u4_merchant_healer_curing,0x2000642
u4_merchant_healer_desc,0x2000643
u4_merchant_healer_desc1,0x2000644
u4_merchant_healer_desc2,0x2000645
u4_merchant_healer_desc3,0x2000646
u4_merchant_healer_desc4,0x2000647
u4_merchant_healer_donate,0x2000648
u4_merchant_healer_donate_yes,0x2000649
u4_merchant_healer_empath_abbey,0x200064a
u4_merchant_healer_empath_abbey_proprietor,0x200064b
u4_merchant_healer_greet,0x200064c
u4_merchant_healer_greet_2,0x200064d
u4_merchant_healer_heal_ok,0x200064e
u4_merchant_healer_healing,0x200064f
u4_merchant_healer_invalid,0x2000650
u4_merchant_healer_jhelom,0x2000651
u4_merchant_healer_jhelom_proprietor,0x2000652
u4_merchant_healer_lb_castle,0x2000653
u4_merchant_healer_lb_castle_proprietor,0x2000654
u4_merchant_healer_lycaeum,0x2000655
u4_merchant_healer_lycaeum_proprietor,0x2000656
u4_merchant_healer_moonglow,0x2000657
u4_merchant_healer_moonglow_proprietor,0x2000658
u4_merchant_healer_potions,0x2000659
u4_merchant_healer_potions_sold,0x200065a
u4_merchant_healer_prompt,0x200065b
u4_merchant_healer_prompt_2,0x200065c
u4_merchant_healer_prompt_3,0x200065d
u4_merchant_healer_res_ok,0x200065e
u4_merchant_healer_resurrection,0x200065f
u4_merchant_healer_serpents_hold,0x2000660
u4_merchant_healer_serpents_hold_proprietor,0x2000661
u4_merchant_healer_skara_brae,0x2000662
u4_merchant_healer_skara_brae_proprietor,0x2000663
u4_merchant_healer_wont_pay,0x2000664
u4_merchant_healer_yew,0x2000665
u4_merchant_healer_yew_proprietor,0x2000666
u4_merchant_inn_britain,0x2000667
u4_merchant_inn_britain_desc,0x2000668
u4_merchant_inn_britain_proprietor,0x2000669
u4_merchant_inn_buy_cancel,0x200066a
u4_merchant_inn_buy_ok,0x200066b
u4_merchant_inn_cant_pay,0x200066c
u4_merchant_inn_choice,0x200066d
u4_merchant_inn_greet,0x200066e
u4_merchant_inn_greet_2,0x200066f
u4_merchant_inn_horse,0x2000670
u4_merchant_inn_invasion,0x2000671
u4_merchant_inn_jhelom,0x2000672
u4_merchant_inn_jhelom_desc,0x2000673
u4_merchant_inn_jhelom_proprietor,0x2000674
u4_merchant_inn_joke,0x2000675
u4_merchant_inn_minoc,0x2000676
u4_merchant_inn_minoc_desc,0x2000677
u4_merchant_inn_minoc_proprietor,0x2000678
u4_merchant_inn_moonglow,0x2000679
u4_merchant_inn_moonglow_desc,0x200067a
u4_merchant_inn_moonglow_proprietor,0x200067b
u4_merchant_inn_no_room,0x200067c
u4_merchant_inn_not_interested,0x200067d
u4_merchant_inn_prompt,0x200067e
u4_merchant_inn_prompt_2,0x200067f
u4_merchant_inn_room_occupied,0x2000680
u4_merchant_inn_skara_brae,0x2000681
u4_merchant_inn_skara_brae_desc,0x2000682
u4_merchant_inn_skara_brae_proprietor,0x2000683
u4_merchant_inn_trinsic,0x2000684
u4_merchant_inn_trinsic_desc,0x2000685
u4_merchant_inn_trinsic_proprietor,0x2000686
u4_merchant_inn_vesper,0x2000687
u4_merchant_inn_vesper_desc,0x2000688
u4_merchant_inn_vesper_proprietor,0x2000689
u4_merchant_rations_britain,0x200068a
u4_merchant_rations_britain_proprietor,0x200068b
u4_merchant_rations_buy_cancel,0x200068c
u4_merchant_rations_bye,0x200068d
u4_merchant_rations_cant_pay,0x200068e
u4_merchant_rations_desc,0x200068f
u4_merchant_rations_full,0x2000690
u4_merchant_rations_greet,0x2000691
u4_merchant_rations_moonglow,0x2000692
u4_merchant_rations_moonglow_proprietor,0x2000693
u4_merchant_rations_paws,0x2000694
u4_merchant_rations_paws_proprietor,0x2000695
u4_merchant_rations_prompt,0x2000696
u4_merchant_rations_prompt_2,0x2000697
u4_merchant_rations_prompt_3,0x2000698
u4_merchant_rations_purchase,0x2000699
u4_merchant_rations_skara_brae,0x200069a
u4_merchant_rations_skara_brae_proprietor,0x200069b
u4_merchant_rations_welcome,0x200069c
u4_merchant_rations_yew,0x200069d
u4_merchant_rations_yew_proprietor,0x200069e
u4_merchant_reagents_buccaneers_den,0x200069f
u4_merchant_reagents_buccaneers_den_proprietor,0x20006a0
u4_merchant_reagents_bye,0x20006a1
u4_merchant_reagents_desc,0x20006a2
u4_merchant_reagents_desc_2,0x20006a3
u4_merchant_reagents_greet,0x20006a4
u4_merchant_reagents_greet_2,0x20006a5
u4_merchant_reagents_invalid,0x20006a6
u4_merchant_reagents_moonglow,0x20006a7
u4_merchant_reagents_moonglow_proprietor,0x20006a8
u4_merchant_reagents_paws,0x20006a9
u4_merchant_reagents_paws_proprietor,0x20006aa
u4_merchant_reagents_price,0x20006ab
u4_merchant_reagents_prompt,0x20006ac
u4_merchant_reagents_prompt_2,0x20006ad
u4_merchant_reagents_prompt_3,0x20006ae
u4_merchant_reagents_prompt_4,0x20006af
u4_merchant_reagents_purchase_cancel,0x20006b0
u4_merchant_reagents_purchase_done,0x20006b1
u4_merchant_reagents_skara_brae,0x20006b2
u4_merchant_reagents_skara_brae_proprietor,0x20006b3
u4_merchant_stable_buy_cancel,0x20006b4
u4_merchant_stable_buy_ok,0x20006b5
u4_merchant_stable_cant_pay,0x20006b6
u4_merchant_stable_desc,0x20006b7
u4_merchant_stable_greet,0x20006b8
u4_merchant_stable_owns_horse,0x20006b9
u4_merchant_stable_paws,0x20006ba
u4_merchant_stable_paws_proprietor,0x20006bb
u4_merchant_stable_prompt,0x20006bc
u4_merchant_stable_prompt_2,0x20006bd
u4_merchant_tavern_ale,0x20006be
u4_merchant_tavern_ale_2,0x20006bf
u4_merchant_tavern_britain,0x20006c0
u4_merchant_tavern_britain_proprietor,0x20006c1
u4_merchant_tavern_britain_special,0x20006c2
u4_merchant_tavern_buccaneers_den,0x20006c3
u4_merchant_tavern_buccaneers_den_proprietor,0x20006c4
u4_merchant_tavern_buccaneers_den_special,0x20006c5
u4_merchant_tavern_bye,0x20006c6
u4_merchant_tavern_foggy,0x20006c7
u4_merchant_tavern_food,0x20006c8
u4_merchant_tavern_food_2,0x20006c9
u4_merchant_tavern_greet,0x20006ca
u4_merchant_tavern_jhelom,0x20006cb
u4_merchant_tavern_jhelom_proprietor,0x20006cc
u4_merchant_tavern_jhelom_special,0x20006cd
u4_merchant_tavern_no_info,0x20006ce
u4_merchant_tavern_no_info_2,0x20006cf
u4_merchant_tavern_paws,0x20006d0
u4_merchant_tavern_paws_proprietor,0x20006d1
u4_merchant_tavern_paws_special,0x20006d2
u4_merchant_tavern_prompt,0x20006d3
u4_merchant_tavern_prompt_2,0x20006d4
u4_merchant_tavern_specialty,0x20006d5
u4_merchant_tavern_tip_response,0x20006d6
u4_merchant_tavern_trinsic,0x20006d7
u4_merchant_tavern_trinsic_proprietor,0x20006d8
u4_merchant_tavern_trinsic_special,0x20006d9
u4_merchant_tavern_vesper,0x20006da
u4_merchant_tavern_vesper_proprietor,0x20006db
u4_merchant_tavern_vesper_special,0x20006dc
u4_merchant_tavern_wont_pay,0x20006dd
u4_merchant_weapon_britain,0x20006de
u4_merchant_weapon_britain_proprietor,0x20006df
u4_merchant_weapon_buccaneers_den,0x20006e0
u4_merchant_weapon_buccaneers_den_proprietor,0x20006e1
u4_merchant_weapon_buy,0x20006e2
u4_merchant_weapon_buy_no,0x20006e3
u4_merchant_weapon_buy_prompt,0x20006e4
u4_merchant_weapon_buy_yes,0x20006e5
u4_merchant_weapon_bye,0x20006e6
u4_merchant_weapon_cant_pay,0x20006e7
u4_merchant_weapon_continue,0x20006e8
u4_merchant_weapon_desc1,0x20006e9
u4_merchant_weapon_desc10,0x20006ea
u4_merchant_weapon_desc11,0x20006eb
u4_merchant_weapon_desc12,0x20006ec
u4_merchant_weapon_desc13,0x20006ed
u4_merchant_weapon_desc14,0x20006ee
u4_merchant_weapon_desc2,0x20006ef
u4_merchant_weapon_desc3,0x20006f0
u4_merchant_weapon_desc4,0x20006f1
u4_merchant_weapon_desc5,0x20006f2
u4_merchant_weapon_desc6,0x20006f3
u4_merchant_weapon_desc7,0x20006f4
u4_merchant_weapon_desc8,0x20006f5
u4_merchant_weapon_desc9,0x20006f6
u4_merchant_weapon_greet,0x20006f7
u4_merchant_weapon_greet_2,0x20006f8
u4_merchant_weapon_jhelom,0x20006f9
u4_merchant_weapon_jhelom_proprietor,0x20006fa
u4_merchant_weapon_minoc,0x20006fb
u4_merchant_weapon_minoc_proprietor,0x20006fc
u4_merchant_weapon_prompt,0x20006fd
u4_merchant_weapon_prompt_2,0x20006fe
u4_merchant_weapon_sell,0x20006ff
u4_merchant_weapon_sell_no,0x2000700
u4_merchant_weapon_sell_no_items,0x2000701
u4_merchant_weapon_sell_offer,0x2000702
u4_merchant_weapon_sell_yes,0x2000703
u4_merchant_weapon_trinsic,0x2000704
u4_merchant_weapon_trinsic_proprietor,0x2000705
u4_merchant_weapon_vesper,0x2000706
u4_merchant_weapon_vesper_proprietor,0x2000707
U4_Avatar_Class,0x2000708
U4_Bard_Class,0x2000709
U4_Druid_Class,0x200070a
U4_Fighter_Class,0x200070b
U4_Mage_Class,0x200070c
U4_Paladin_Class,0x200070d
U4_Ranger_Class,0x200070e
U4_Shepherd_Class,0x200070f
U4_Tinker_Class,0x2000710
U4_Castle_Portal,0x2000711
U4_Cave_Portal,0x2000712
U4_Dungeon_Portal,0x2000713
U4_Keep_Portal,0x2000714
U4_Ladder_Down_Portal,0x2000715
U4_Ladder_Up_Down_Portal,0x2000716
U4_Ladder_Up_Portal,0x2000717
U4_Ruins_Portal,0x2000718
U4_Shrine_Portal,0x2000719
U4_Towne_Portal,0x200071a
U4_Village_Portal,0x200071b
U4_Volcano_Portal,0x200071c
U4_Dexterity_Property,0x200071d
U4_Experience_Property,0x200071e
U4_Food_Property,0x200071f
U4_Gems_Property,0x2000720
U4_Gold_Property,0x2000721
U4_Hitpoints_Property,0x2000722
U4_Horse_Property,0x2000723
U4_Intelligence_Property,0x2000724
U4_Item_Bell_Property,0x2000725
U4_Item_Book_Property,0x2000726
U4_Item_Candle_Property,0x2000727
U4_Item_Sextant_Property,0x2000728
U4_Item_Silver_Horn_Property,0x2000729
U4_Item_Skull_Fragment_Property,0x200072a
U4_Keys_Property,0x200072b
U4_Level_Property,0x200072c
U4_Mana_Property,0x200072d
U4_PlayerClass_Property,0x200072e
U4_Potions_Property,0x200072f
U4_Reagent_Black_Pearl_Property,0x2000730
U4_Reagent_Blood_Moss_Property,0x2000731
U4_Reagent_Garlic_Property,0x2000732
U4_Reagent_Ginseng_Property,0x2000733
U4_Reagent_Mandrake_Root_Property,0x2000734
U4_Reagent_Nightshade_Property,0x2000735
U4_Reagent_Spider_Silk_Property,0x2000736
U4_Reagent_Sulphurous_Ash_Property,0x2000737
U4_Spell_Awaken_Property,0x2000738
U4_Spell_Blink_Property,0x2000739
U4_Spell_Cure_Property,0x200073a
U4_Spell_Dispell_Property,0x200073b
U4_Spell_Energy_Field_Property,0x200073c
U4_Spell_Fireball_Property,0x200073d
U4_Spell_Gate_Travel_Property,0x200073e
U4_Spell_Heal_Property,0x200073f
U4_Spell_Iceball_Property,0x2000740
U4_Spell_Jinx_Property,0x2000741
U4_Spell_Kill_Property,0x2000742
U4_Spell_Light_Property,0x2000743
U4_Spell_Magic_Missile_Property,0x2000744
U4_Spell_Negate_Property,0x2000745
U4_Spell_Open_Property,0x2000746
U4_Spell_Protection_Property,0x2000747
U4_Spell_Quickness_Property,0x2000748
U4_Spell_Resurrect_Property,0x2000749
U4_Spell_Sleep_Property,0x200074a
U4_Spell_Tremor_Property,0x200074b
U4_Spell_Undead_Property,0x200074c
U4_Spell_View_Property,0x200074d
U4_Spell_Wind_Change_Property,0x200074e
U4_Spell_Xit_Property,0x200074f
U4_Spell_Yup_Property,0x2000750
U4_Spell_Zdown_Property,0x2000751
U4_Strength_Property,0x2000752
U4_Torches_Property,0x2000753
U4_Virtue_Compassion_Property,0x2000754
U4_Virtue_Honesty_Property,0x2000755
U4_Virtue_Honor_Property,0x2000756
U4_Virtue_Humility_Property,0x2000757
U4_Virtue_Justice_Property,0x2000758
U4_Virtue_Sacrifice_Property,0x2000759
U4_Virtue_Spirituality_Property,0x200075a
U4_Virtue_Valor_Property,0x200075b
u4_reagent_black_pearl,0x200075c
u4_reagent_blood_moss,0x200075d
u4_reagent_garlic,0x200075e
u4_reagent_ginseng,0x200075f
u4_reagent_mandrake_root,0x2000760
u4_reagent_nightshade,0x2000761
u4_reagent_spider_silk,0x2000762
u4_reagent_sulphurous_ash,0x2000763
u4_rune_material0,0x2000764
u4_rune_material1,0x2000765
u4_rune_material2,0x2000766
u4_rune_material3,0x2000767
u4_rune_material4,0x2000768
u4_rune_material5,0x2000769
u4_rune_material6,0x200076a
u4_rune_material7,0x200076b
u4_seer_bye,0x200076c
u4_seer_greet,0x200076d
u4_seer_no_info,0x200076e
u4_seer_partial,0x200076f
u4_seer_prompt,0x2000770
u4_seer_prompt_other,0x2000771
U4_Awaken_Spell,0x2000772
U4_Blink_Spell,0x2000773
U4_Cure_Spell,0x2000774
U4_Dispell_Spell,0x2000775
U4_Energy_Field_Spell,0x2000776
u4_energy_field_type_fire,0x2000777
u4_energy_field_type_lightning,0x2000778
u4_energy_field_type_poison,0x2000779
u4_energy_field_type_sleep,0x200077a
U4_Fireball_Spell,0x200077b
U4_Gate_Travel_Spell,0x200077c
U4_Heal_Spell,0x200077d
U4_Iceball_Spell,0x200077e
U4_Jinx_Spell,0x200077f
U4_Kill_Spell,0x2000780
U4_Light_Spell,0x2000781
U4_Magic_Missile_Spell,0x2000782
U4_Negate_Spell,0x2000783
U4_Open_Spell,0x2000784
U4_Protection_Spell,0x2000785
U4_Quickness_Spell,0x2000786
U4_Resurrect_Spell,0x2000787
U4_Sleep_Spell,0x2000788
U4_Tremor_Spell,0x2000789
U4_Undead_Spell,0x200078a
U4_View_Spell,0x200078b
U4_Wind_Change_Spell,0x200078c
U4_Xit_Spell,0x200078d
U4_Yup_Spell,0x200078e
U4_Zdown_Spell,0x200078f
u4_stone_color0,0x2000790
u4_stone_color1,0x2000791
u4_stone_color2,0x2000792
u4_stone_color3,0x2000793
u4_stone_color4,0x2000794
u4_stone_color5,0x2000795
u4_stone_color6,0x2000796
u4_stone_color7,0x2000797
U4_Bamboo_Tile,0x2000798
U4_Box_Tile,0x2000799
U4_Bridge_Bottom_Tile,0x200079a
U4_Bridge_Top_Tile,0x200079b
U4_Brush_Tile,0x200079c
U4_Castle_Left_Widget,0x200079d
U4_Castle_Right_Widget,0x200079e
U4_Column_Tile,0x200079f
U4_Crag_Tile,0x20007a0
U4_Floor_Brick_Tile,0x20007a1
U4_Floor_Planks_Tile,0x20007a2
U4_Footbridge_Tile,0x20007a3
U4_Forest_Tile,0x20007a4
U4_Grass_Tile,0x20007a5
U4_Hills_Tile,0x20007a6
U4_Lava_Tile,0x20007a7
U4_Marsh_Tile,0x20007a8
U4_Mountains_Tile,0x20007a9
U4_Rocks_Tile,0x20007aa
U4_Ship_Mast_Tile,0x20007ab
U4_Ship_Wheel_Tile,0x20007ac
U4_Shoals_Tile,0x20007ad
U4_Sign_A_Tile,0x20007ae
U4_Sign_B_Tile,0x20007af
U4_Sign_C_Tile,0x20007b0
U4_Sign_D_Tile,0x20007b1
U4_Sign_E_Tile,0x20007b2
U4_Sign_F_Tile,0x20007b3
U4_Sign_G_Tile,0x20007b4
U4_Sign_H_Tile,0x20007b5
U4_Sign_I_Tile,0x20007b6
U4_Sign_J_Tile,0x20007b7
U4_Sign_K_Tile,0x20007b8
U4_Sign_L_Tile,0x20007b9
U4_Sign_Left_Tile,0x20007ba
U4_Sign_M_Tile,0x20007bb
U4_Sign_N_Tile,0x20007bc
U4_Sign_O_Tile,0x20007bd
U4_Sign_P_Tile,0x20007be
U4_Sign_Q_Tile,0x20007bf
U4_Sign_R_Tile,0x20007c0
U4_Sign_Right_Tile,0x20007c1
U4_Sign_S_Tile,0x20007c2
U4_Sign_Space_Tile,0x20007c3
U4_Sign_T_Tile,0x20007c4
U4_Sign_U_Tile,0x20007c5
U4_Sign_V_Tile,0x20007c6
U4_Sign_W_Tile,0x20007c7
U4_Sign_X_Tile,0x20007c8
U4_Sign_Y_Tile,0x20007c9
U4_Sign_Z_Tile,0x20007ca
U4_Wall_Brick_Tile,0x20007cb
U4_Wall_Stone_Tile,0x20007cc
U4_Wall_White_Tile,0x20007cd
U4_Water_Deep_Tile,0x20007ce
U4_Water_Shallow_Tile,0x20007cf
U4_Window_Tile,0x20007d0
u4_virtue_symbol0,0x20007d1
u4_virtue_symbol1,0x20007d2
u4_virtue_symbol2,0x20007d3
u4_virtue_symbol3,0x20007d4
u4_virtue_symbol4,0x20007d5
u4_virtue_symbol5,0x20007d6
u4_virtue_symbol6,0x20007d7
u4_virtue_symbol7,0x20007d8
U4_Axe_Magic_Weapon,0x20007d9
U4_Axe_Weapon,0x20007da
U4_Boulder_Weapon,0x20007db
U4_Bow_Magic_Weapon,0x20007dc
U4_Bow_Weapon,0x20007dd
U4_Cannon_Weapon,0x20007de
U4_Crossbow_Weapon,0x20007df
U4_Dagger_Weapon,0x20007e0
U4_Fire_Field_Weapon,0x20007e1
U4_Fireball_Weapon,0x20007e2
U4_Flame_Oil_Weapon,0x20007e3
U4_Halberd_Weapon,0x20007e4
U4_Iceball_Weapon,0x20007e5
U4_Lava_Weapon,0x20007e6
U4_Lightning_Field_Weapon,0x20007e7
U4_Mace_Weapon,0x20007e8
U4_Magic_Missile_Weapon,0x20007e9
U4_Poison_Field_Weapon,0x20007ea
U4_Sleep_Field_Weapon,0x20007eb
U4_Sling_Weapon,0x20007ec
U4_Staff_Weapon,0x20007ed
U4_Sword_Magic_Weapon,0x20007ee
U4_Sword_Mystic_Weapon,0x20007ef
U4_Sword_Weapon,0x20007f0
U4_Wand_Magic_Weapon,0x20007f1
U4_Air_Balloon_Widget,0x20007f2
U4_Altar_Widget,0x20007f3
U4_Ankh_Widget,0x20007f4
U4_Bed_Foot_Widget,0x20007f5
U4_Bed_Head_Widget,0x20007f6
U4_Blood_Widget,0x20007f7
U4_Body_Dead_Widget,0x20007f8
U4_Body_Widget,0x20007f9
U4_Bones_Dragon_Widget,0x20007fa
U4_Bones_Human_Widget,0x20007fb
U4_Bookshelf_Center_Widget,0x20007fc
U4_Bookshelf_Left_Widget,0x20007fd
U4_Bookshelf_Right_Widget,0x20007fe
U4_Boulder_Widget,0x20007ff
U4_Chest_Widget,0x2000800
U4_Codex_Widget,0x2000801
U4_Crate_Widget,0x2000802
U4_Door_Widget,0x2000803
U4_Door_Codex_Widget,0x2000804
U4_Door_Locked_Widget,0x2000805
U4_Door_Windowed_Locked_Widget,0x2000806
U4_Door_Windowed_Widget,0x2000807
U4_Field_Energy_Widget,0x2000808
U4_Field_Fire_Widget,0x2000809
U4_Field_Force_Widget,0x200080a
U4_Field_Lightning_Widget,0x200080b
U4_Field_Poison_Widget,0x200080c
U4_Field_Sleep_Widget,0x200080d
U4_Fountain_Widget,0x200080e
U4_Grate_Widget,0x200080f
U4_Grave_Cross_Widget,0x2000810
U4_Grave_Headstone_Widget,0x2000811
U4_Guardian_Left_Widget,0x2000812
U4_Guardian_Right_Widget,0x2000813
U4_Horse_Widget,0x2000814
U4_Ivory_Serpent_Head_Widget,0x2000815
U4_Ivory_Serpent_Tail_Widget,0x2000816
U4_Lava_Widget,0x2000817
U4_Magic_Field_Widget,0x2000818
U4_Moongate_Widget,0x2000819
U4_Orb_Widget,0x200081a
U4_Ship_Widget,0x200081b
U4_Shoals_Widget,0x200081c
U4_Skiff_Widget,0x200081d
U4_Spit_Widget,0x200081e
U4_Stand_Widget,0x200081f
U4_Statue_Adventurer_Widget,0x2000820
U4_Statue_Daemon_Widget,0x2000821
U4_Suit_Armour_Widget,0x2000822
U4_Table_Center_Widget,0x2000823
U4_Table_Left_Widget,0x2000824
U4_Table_Right_Widget,0x2000825
U4_Telescope_Widget,0x2000826
U4_Trap_Widget,0x2000827
U4_Tree_Dead_Widget,0x2000828
U4_Tree_Widget,0x2000829
U4_Twister_Widget,0x200082a
U4_Void_Widget,0x200082b
U4_Wall_Brick_Widget,0x200082c
U4_Wall_Stone_Widget,0x200082d
U4_Wall_White_NE_Widget,0x200082e
U4_Wall_White_NW_Widget,0x200082f
U4_Wall_White_SE_Widget,0x2000830
U4_Wall_White_SW_Widget,0x2000831
U4_Water_Deep_Widget,0x2000832
U4_Water_Shallow_Widget,0x2000833
U4_Well_Widget,0x2000834
U4_Whirlpool_Widget,0x2000835
ultima_install_req,0x2000836
U4_Door_Secret_Tile,0x2000837
U4_Pronoun_He,0x2000838
U4_Pronoun_She,0x2000839
U4_Pronoun_It,0x2000840
U4_Pronoun_The_Child,0x2000841
token_browse,0x2000842
token_path,0x2000843
u4_spell_energy_field_type,0x2000844
U4_Floor_Tiled_Tile,0x2000845
U4_Wall_Impassable_Brick_Tile,0x2000846
Void_Tile,0x2000847
msg_mix_amount,0x2000848
token_back,0x2000849
token_cancel,0x200084a
token_on,0x200084b
token_off,0x200084c
token_music,0x200084d
token_sfx,0x200084e
token_volume,0x200084f
token_master,0x2000850
token_sound_pack,0x2000851
token_fullscreen,0x2000852
token_resolution,0x2000853
token_graphics_pack,0x2000854
token_display,0x2000855
token_audio,0x2000856
token_miscellaneous,0x2000857
token_close,0x2000858
token_show_names,0x2000859
token_show_vitals,0x200085a
token_circle_stones,0x200085b
msg_horn_use,0x200085c
ultima_install_verified,0x200085d
token_show_combat,0x200085e
token_show_moves,0x200085f
u3_merchant_armour_britain,0x2000860
u3_merchant_weapon_britain,0x2000861
u3_merchant_tavern_britain,0x2000862
u3_merchant_rations_britain,0x2000863
u3_merchant_healer_moon,0x2000864
u3_merchant_stable_dawn,0x2000865
u3_merchant_guild_dawn,0x2000866
u3_merchant_oracle_greet,0x2000867
token_unknown,0x2000868
token_location,0x2000869
merchant_sell_quantity_prompt,0x200086a
merchant_weapon_sell_quantity_offer,0x200086b
token_how_many,0x200086c
token_map,0x200086d
U3_Shrine_Portal,0x200086e
U2_Village_Portal,0x200086f
U3_Dungeon_Portal,0x2000870
U2_Towne_Portal,0x2000871
U2_Tower_Portal,0x2000872
U2_Castle_Portal,0x2000873
U3_Castle_Portal,0x2000874
U1_Dungeon_Portal,0x2000875
U1_Castle_Portal,0x2000876
U3_Towne_Portal,0x2000877
U1_Towne_Portal,0x2000878
U2_Dungeon_Portal,0x2000879
U2_Ladder_Up_Down_Portal,0x200087a
U2_Ladder_Down_Portal,0x200087b
U2_Ladder_Up_Portal,0x200087c
U3_Ladder_Down_Portal,0x200087d
U3_Ladder_Up_Down_Portal,0x200087e
U3_Ladder_Up_Portal,0x200087f
U1_Ladder_Up_Portal,0x2000880
U1_Ladder_Down_Portal,0x2000881
U1_Ladder_Up_Down_Portal,0x2000882
U4_Wall_Impassable_Brick_Widget,0x2000883
U3_Horse_Widget,0x2000884
token_alakazam,0x2000885
u2_lord_british_offer_stat_tribute,0x2000886
msg_agility_increased,0x2000887
msg_charisma_increased,0x2000888
msg_stamina_increased,0x2000889
u2_clerk_greet,0x200088a
u2_clerk_request_room,0x200088b
u2_clerk_request_room_with_tip,0x200088c
u2_oracle_greet,0x200088d
u2_oracle_bye,0x200088e
u2_oracle_pay,0x200088f
command_get_cache,0x2000890
msg_ring_found,0x2000891
msg_item_found,0x2000892
msg_sign_desc,0x2000893
u2_quicksword_material0,0x2000894
u2_quicksword_material1,0x2000895
u2_quicksword_material2,0x2000896
msg_minax_hit,0x2000898
msg_minax_vanishes,0x2000899
msg_space_craft_repaired,0x200089b
msg_mondain_psionic_shock,0x200089c
msg_mondain_mind_blaster,0x200089d
msg_mondain_magic_missile,0x200089e
msg_mondain_stronger,0x200089f
msg_mondain_steal,0x20008a0
msg_mondain_talk,0x20008a1
U1_Horse_Creature,0x20008a2
token_divine,0x20008a3
token_arcane,0x20008a4
u3_cast_spell_division,0x20008a5
U3_Fal_Divi_Sequitu_Spell,0x20008a6
command_quit_confirm,0x20008a7
msg_board_raft,0x20008a8
command_get_gem,0x20008a9
u3_merchant_oracle_bye,0x20008ab
u3_merchant_oracle_prompt,0x20008ac
merchant_healer_proprietor_generic,0x20008ae
u3_merchant_oracle_cant_pay,0x20008af
msg_cant_carry_more,0x20008b0
msg_space_ace_awarded,0x20008b1
u3_merchant_healer_devil_guard,0x20008b2
u3_merchant_healer_fawn,0x20008b3
u3_merchant_healer_yew,0x20008b4
u3_merchant_healer_dawn,0x20008b5
u3_merchant_healer_castle_british,0x20008b6
u3_merchant_rations_moon,0x20008b7
u3_merchant_rations_grey,0x20008b8
u3_merchant_rations_devil_guard,0x20008b9
u3_merchant_rations_montor_west,0x20008ba
u3_merchant_rations_fawn,0x20008bb
u3_merchant_rations_yew,0x20008bc
u3_merchant_rations_death_gulch,0x20008bd
u3_merchant_rations_dawn,0x20008be
u3_merchant_armour_dawn,0x20008bf
u3_merchant_weapon_dawn,0x20008c0
u3_merchant_armour_death_gulch,0x20008c1
u3_merchant_weapon_death_gulch,0x20008c2
u3_merchant_armour_grey,0x20008c3
u3_merchant_weapon_grey,0x20008c4
u3_merchant_armour_montor_east,0x20008c5
u3_merchant_weapon_montor_east,0x20008c6
u3_merchant_armour_montor_west,0x20008c7
u3_merchant_weapon_montor_west,0x20008c8
u3_merchant_tavern_moon,0x20008c9
u3_merchant_tavern_grey,0x20008ca
u3_merchant_tavern_devil_guard,0x20008cb
u3_merchant_tavern_montor_east,0x20008cc
u3_merchant_tavern_montor_west,0x20008cd
u3_merchant_tavern_fawn,0x20008ce
u3_merchant_tavern_death_gulch,0x20008cf
u3_merchant_tavern_dawn,0x20008d0
u3_merchant_guild_devil_guard,0x20008d1
u3_merchant_guild_fawn,0x20008d2
u3_merchant_guild_grey,0x20008d3
u3_merchant_stable_devil_guard,0x20008d4
welcome_message0,0x20008d5
welcome_message1,0x20008d6
welcome_message2,0x20008d7
welcome_message3,0x20008d8
game_help_general,0x20008d9
game_help_special_commands,0x20008da
game_help_commands1,0x20008db
game_help_commands2,0x20008dc
game_help_commands3,0x20008dd
game_help_commands4,0x20008de
msg_not_eight_parts_avatar,0x20008df
