u4_dlg_1_name,0x1000005
u4_dlg_1_look,0x1000006
u4_dlg_1_kw_job,0x1000007
u4_dlg_1_job,0x1000008
u4_dlg_1_kw_heal,0x1000009
u4_dlg_1_heal,0x100000a
u4_dlg_1_kw_help,0x100000b
u4_dlg_1_help,0x100000c
u4_dlg_1_kw_ridd,0x100000d
u4_dlg_1_ridd,0x100000e
u4_dlg_2_name,0x100000f
u4_dlg_2_look,0x1000010
u4_dlg_2_kw_job,0x1000011
u4_dlg_2_job,0x1000012
u4_dlg_2_kw_heal,0x1000013
u4_dlg_2_heal,0x1000014
u4_dlg_2_kw_guar,0x1000015
u4_dlg_2_guar,0x1000016
u4_dlg_2_kw_cast,0x1000017
u4_dlg_2_cast,0x1000018
u4_dlg_3_name,0x1000019
u4_dlg_3_look,0x100001a
u4_dlg_3_kw_job,0x100001b
u4_dlg_3_job,0x100001c
u4_dlg_3_kw_heal,0x100001d
u4_dlg_3_heal,0x100001e
u4_dlg_3_kw_secr,0x100001f
u4_dlg_3_secr,0x1000020
u4_dlg_3_kw_alta,0x1000021
u4_dlg_3_alta,0x1000022
u4_dlg_4_name,0x1000023
u4_dlg_4_look,0x1000024
u4_dlg_4_kw_job,0x1000025
u4_dlg_4_job,0x1000026
u4_dlg_4_kw_heal,0x1000027
u4_dlg_4_heal,0x1000028
u4_dlg_4_kw_wate,0x1000029
u4_dlg_4_wate,0x100002a
u4_dlg_4_kw_peac,0x100002b
u4_dlg_4_peac,0x100002c
u4_dlg_5_name,0x100002d
u4_dlg_5_look,0x100002e
u4_dlg_5_kw_job,0x100002f
u4_dlg_5_job,0x1000030
u4_dlg_5_kw_heal,0x1000031
u4_dlg_5_heal,0x1000032
u4_dlg_5_kw_woun,0x1000033
u4_dlg_5_woun,0x1000034
u4_dlg_5_kw_coun,0x1000035
u4_dlg_5_coun,0x1000036
u4_dlg_6_name,0x1000037
u4_dlg_6_look,0x1000038
u4_dlg_6_kw_job,0x1000039
u4_dlg_6_job,0x100003a
u4_dlg_6_kw_heal,0x100003b
u4_dlg_6_heal,0x100003c
u4_dlg_6_kw_jest,0x100003d
u4_dlg_6_jest,0x100003e
u4_dlg_6_kw_clue,0x100003f
u4_dlg_6_clue,0x1000040
u4_dlg_7_name,0x1000041
u4_dlg_7_look,0x1000042
u4_dlg_7_kw_job,0x1000043
u4_dlg_7_job,0x1000044
u4_dlg_7_kw_heal,0x1000045
u4_dlg_7_heal,0x1000046
u4_dlg_7_kw_guar,0x1000047
u4_dlg_7_guar,0x1000048
u4_dlg_7_kw_trea,0x1000049
u4_dlg_7_trea,0x100004a
u4_dlg_8_name,0x100004b
u4_dlg_8_look,0x100004c
u4_dlg_8_kw_job,0x100004d
u4_dlg_8_job,0x100004e
u4_dlg_8_kw_heal,0x100004f
u4_dlg_8_heal,0x1000050
u4_dlg_8_kw_ligh,0x1000051
u4_dlg_8_ligh,0x1000052
u4_dlg_8_kw_shri,0x1000053
u4_dlg_8_shri,0x1000054
u4_dlg_9_name,0x1000055
u4_dlg_9_look,0x1000056
u4_dlg_9_kw_job,0x1000057
u4_dlg_9_job,0x1000058
u4_dlg_9_kw_heal,0x1000059
u4_dlg_9_heal,0x100005a
u4_dlg_9_kw_warn,0x100005b
u4_dlg_9_warn,0x100005c
u4_dlg_9_kw_peri,0x100005d
u4_dlg_9_peri,0x100005e
u4_dlg_10_name,0x100005f
u4_dlg_10_look,0x1000060
u4_dlg_10_kw_heal,0x1000061
u4_dlg_10_heal,0x1000062
u4_dlg_10_kw_resi,0x1000063
u4_dlg_10_resi,0x1000064
u4_dlg_10_kw_ques,0x1000065
u4_dlg_10_ques,0x1000066
u4_dlg_11_name,0x1000067
u4_dlg_11_look,0x1000068
u4_dlg_11_kw_job,0x1000069
u4_dlg_11_job,0x100006a
u4_dlg_11_kw_heal,0x100006b
u4_dlg_11_heal,0x100006c
u4_dlg_11_kw_help,0x100006d
u4_dlg_11_help,0x100006e
u4_dlg_11_kw_one,0x100006f
u4_dlg_11_one,0x1000070
u4_dlg_12_name,0x1000071
u4_dlg_12_look,0x1000072
u4_dlg_12_kw_job,0x1000073
u4_dlg_12_job,0x1000074
u4_dlg_12_kw_heal,0x1000075
u4_dlg_12_heal,0x1000076
u4_dlg_12_kw_jest,0x1000077
u4_dlg_12_jest,0x1000078
u4_dlg_12_kw_bard,0x1000079
u4_dlg_12_bard,0x100007a
u4_dlg_13_name,0x100007b
u4_dlg_13_look,0x100007c
u4_dlg_13_kw_job,0x100007d
u4_dlg_13_job,0x100007e
u4_dlg_13_kw_heal,0x100007f
u4_dlg_13_heal,0x1000080
u4_dlg_13_kw_guar,0x1000081
u4_dlg_13_guar,0x1000082
u4_dlg_13_kw_lieg,0x1000083
u4_dlg_13_lieg,0x1000084
u4_dlg_14_name,0x1000085
u4_dlg_14_look,0x1000086
u4_dlg_14_kw_job,0x1000087
u4_dlg_14_job,0x1000088
u4_dlg_14_kw_heal,0x1000089
u4_dlg_14_heal,0x100008a
u4_dlg_14_kw_food,0x100008b
u4_dlg_14_food,0x100008c
u4_dlg_14_kw_cook,0x100008d
u4_dlg_14_cook,0x100008e
u4_dlg_15_name,0x100008f
u4_dlg_15_look,0x1000090
u4_dlg_15_kw_job,0x1000091
u4_dlg_15_job,0x1000092
u4_dlg_15_kw_heal,0x1000093
u4_dlg_15_heal,0x1000094
u4_dlg_15_kw_kill,0x1000095
u4_dlg_15_kill,0x1000096
u4_dlg_15_kw_thin,0x1000097
u4_dlg_15_thin,0x1000098
u4_dlg_16_name,0x1000099
u4_dlg_16_look,0x100009a
u4_dlg_16_kw_job,0x100009b
u4_dlg_16_job,0x100009c
u4_dlg_16_kw_heal,0x100009d
u4_dlg_16_heal,0x100009e
u4_dlg_16_kw_crim,0x100009f
u4_dlg_16_crim,0x10000a0
u4_dlg_16_kw_pris,0x10000a1
u4_dlg_16_pris,0x10000a2
u4_dlg_17_name,0x10000a3
u4_dlg_17_look,0x10000a4
u4_dlg_17_kw_job,0x10000a5
u4_dlg_17_job,0x10000a6
u4_dlg_17_kw_heal,0x10000a7
u4_dlg_17_heal,0x10000a8
u4_dlg_17_kw_help,0x10000a9
u4_dlg_17_help,0x10000aa
u4_dlg_17_kw_cast,0x10000ab
u4_dlg_17_cast,0x10000ac
u4_dlg_18_name,0x10000ad
u4_dlg_18_look,0x10000ae
u4_dlg_18_kw_job,0x10000af
u4_dlg_18_job,0x10000b0
u4_dlg_18_kw_heal,0x10000b1
u4_dlg_18_heal,0x10000b2
u4_dlg_18_kw_prov,0x10000b3
u4_dlg_18_prov,0x10000b4
u4_dlg_18_kw_word,0x10000b5
u4_dlg_18_word,0x10000b6
u4_dlg_19_name,0x10000b7
u4_dlg_19_look,0x10000b8
u4_dlg_19_kw_job,0x10000b9
u4_dlg_19_job,0x10000ba
u4_dlg_19_kw_heal,0x10000bb
u4_dlg_19_heal,0x10000bc
u4_dlg_19_kw_rule,0x10000bd
u4_dlg_19_rule,0x10000be
u4_dlg_19_kw_prov,0x10000bf
u4_dlg_19_prov,0x10000c0
u4_dlg_20_name,0x10000c1
u4_dlg_20_look,0x10000c2
u4_dlg_20_kw_job,0x10000c3
u4_dlg_20_job,0x10000c4
u4_dlg_20_kw_heal,0x10000c5
u4_dlg_20_heal,0x10000c6
u4_dlg_20_kw_lady,0x10000c7
u4_dlg_20_lady,0x10000c8
u4_dlg_20_kw_horn,0x10000c9
u4_dlg_20_horn,0x10000ca
u4_dlg_21_name,0x10000cb
u4_dlg_21_look,0x10000cc
u4_dlg_21_kw_job,0x10000cd
u4_dlg_21_job,0x10000ce
u4_dlg_21_kw_heal,0x10000cf
u4_dlg_21_heal,0x10000d0
u4_dlg_21_kw_reso,0x10000d1
u4_dlg_21_reso,0x10000d2
u4_dlg_21_kw_love,0x10000d3
u4_dlg_21_love,0x10000d4
u4_dlg_22_name,0x10000d5
u4_dlg_22_look,0x10000d6
u4_dlg_22_kw_job,0x10000d7
u4_dlg_22_job,0x10000d8
u4_dlg_22_kw_heal,0x10000d9
u4_dlg_22_heal,0x10000da
u4_dlg_22_kw_pass,0x10000db
u4_dlg_22_pass,0x10000dc
u4_dlg_22_kw_dang,0x10000dd
u4_dlg_22_dang,0x10000de
u4_dlg_23_name,0x10000df
u4_dlg_23_look,0x10000e0
u4_dlg_23_kw_job,0x10000e1
u4_dlg_23_job,0x10000e2
u4_dlg_23_kw_heal,0x10000e3
u4_dlg_23_heal,0x10000e4
u4_dlg_23_kw_gate,0x10000e5
u4_dlg_23_gate,0x10000e6
u4_dlg_23_kw_abbe,0x10000e7
u4_dlg_23_abbe,0x10000e8
u4_dlg_24_name,0x10000e9
u4_dlg_24_look,0x10000ea
u4_dlg_24_kw_job,0x10000eb
u4_dlg_24_job,0x10000ec
u4_dlg_24_kw_heal,0x10000ed
u4_dlg_24_heal,0x10000ee
u4_dlg_24_kw_song,0x10000ef
u4_dlg_24_song,0x10000f0
u4_dlg_24_kw_cand,0x10000f1
u4_dlg_24_cand,0x10000f2
u4_dlg_25_name,0x10000f3
u4_dlg_25_look,0x10000f4
u4_dlg_25_kw_job,0x10000f5
u4_dlg_25_job,0x10000f6
u4_dlg_25_kw_heal,0x10000f7
u4_dlg_25_heal,0x10000f8
u4_dlg_25_kw_grov,0x10000f9
u4_dlg_25_grov,0x10000fa
u4_dlg_25_kw_oak,0x10000fb
u4_dlg_25_oak,0x10000fc
u4_dlg_26_name,0x10000fd
u4_dlg_26_look,0x10000fe
u4_dlg_26_kw_job,0x10000ff
u4_dlg_26_job,0x1000100
u4_dlg_26_kw_heal,0x1000101
u4_dlg_26_heal,0x1000102
u4_dlg_26_kw_coun,0x1000103
u4_dlg_26_coun,0x1000104
u4_dlg_26_kw_love,0x1000105
u4_dlg_26_love,0x1000106
u4_dlg_27_name,0x1000107
u4_dlg_27_look,0x1000108
u4_dlg_27_kw_job,0x1000109
u4_dlg_27_job,0x100010a
u4_dlg_27_kw_heal,0x100010b
u4_dlg_27_heal,0x100010c
u4_dlg_27_kw_love,0x100010d
u4_dlg_27_love,0x100010e
u4_dlg_27_kw_comp,0x100010f
u4_dlg_27_comp,0x1000110
u4_dlg_28_name,0x1000111
u4_dlg_28_look,0x1000112
u4_dlg_28_kw_job,0x1000113
u4_dlg_28_job,0x1000114
u4_dlg_28_kw_heal,0x1000115
u4_dlg_28_heal,0x1000116
u4_dlg_28_kw_love,0x1000117
u4_dlg_28_love,0x1000118
u4_dlg_28_kw_just,0x1000119
u4_dlg_28_just,0x100011a
u4_dlg_29_name,0x100011b
u4_dlg_29_look,0x100011c
u4_dlg_29_kw_job,0x100011d
u4_dlg_29_job,0x100011e
u4_dlg_29_kw_heal,0x100011f
u4_dlg_29_heal,0x1000120
u4_dlg_29_kw_love,0x1000121
u4_dlg_29_love,0x1000122
u4_dlg_29_kw_sacr,0x1000123
u4_dlg_29_sacr,0x1000124
u4_dlg_30_name,0x1000125
u4_dlg_30_look,0x1000126
u4_dlg_30_kw_job,0x1000127
u4_dlg_30_job,0x1000128
u4_dlg_30_kw_heal,0x1000129
u4_dlg_30_heal,0x100012a
u4_dlg_30_kw_spir,0x100012b
u4_dlg_30_spir,0x100012c
u4_dlg_30_kw_bein,0x100012d
u4_dlg_30_bein,0x100012e
u4_dlg_31_name,0x100012f
u4_dlg_31_look,0x1000130
u4_dlg_31_kw_job,0x1000132
u4_dlg_31_job,0x1000133
u4_dlg_31_kw_heal,0x1000134
u4_dlg_31_heal,0x1000135
u4_dlg_31_kw_mumb,0x1000136
u4_dlg_31_mumb,0x1000137
u4_dlg_31_kw_salv,0x1000138
u4_dlg_31_salv,0x1000139
u4_dlg_32_name,0x100013a
u4_dlg_32_look,0x100013b
u4_dlg_32_kw_job,0x100013c
u4_dlg_32_job,0x100013d
u4_dlg_32_kw_heal,0x100013e
u4_dlg_32_heal,0x100013f
u4_dlg_32_kw_ques,0x1000140
u4_dlg_32_ques,0x1000141
u4_dlg_32_kw_horn,0x1000142
u4_dlg_32_horn,0x1000143
u4_dlg_33_name,0x1000144
u4_dlg_33_look,0x1000145
u4_dlg_33_kw_job,0x1000146
u4_dlg_33_job,0x1000147
u4_dlg_33_kw_heal,0x1000148
u4_dlg_33_heal,0x1000149
u4_dlg_33_kw_wisd,0x100014a
u4_dlg_33_wisd,0x100014b
u4_dlg_33_kw_cand,0x100014c
u4_dlg_33_cand,0x100014d
u4_dlg_34_name,0x100014e
u4_dlg_34_look,0x100014f
u4_dlg_34_kw_job,0x1000150
u4_dlg_34_job,0x1000151
u4_dlg_34_kw_heal,0x1000152
u4_dlg_34_heal,0x1000153
u4_dlg_34_kw_spir,0x1000154
u4_dlg_34_imbu,0x1000155
u4_dlg_34_kw_horn,0x1000156
u4_dlg_34_horn,0x1000157
u4_dlg_35_name,0x1000158
u4_dlg_35_look,0x1000159
u4_dlg_35_kw_job,0x100015a
u4_dlg_35_job,0x100015b
u4_dlg_35_kw_heal,0x100015c
u4_dlg_35_heal,0x100015d
u4_dlg_35_kw_prov,0x100015e
u4_dlg_35_prov,0x100015f
u4_dlg_35_kw_word,0x1000160
u4_dlg_35_word,0x1000161
u4_dlg_36_name,0x1000162
u4_dlg_36_look,0x1000163
u4_dlg_36_kw_job,0x1000164
u4_dlg_36_job,0x1000165
u4_dlg_36_kw_heal,0x1000166
u4_dlg_36_heal,0x1000167
u4_dlg_36_kw_rule,0x1000168
u4_dlg_36_rule,0x1000169
u4_dlg_36_kw_prov,0x100016a
u4_dlg_36_prov,0x100016b
u4_dlg_37_name,0x100016c
u4_dlg_37_look,0x100016d
u4_dlg_37_kw_job,0x100016f
u4_dlg_37_job,0x1000170
u4_dlg_37_kw_heal,0x1000171
u4_dlg_37_heal,0x1000172
u4_dlg_37_kw_guar,0x1000173
u4_dlg_37_guar,0x1000174
u4_dlg_37_kw_hour,0x1000175
u4_dlg_37_hour,0x1000176
u4_dlg_38_name,0x1000177
u4_dlg_38_look,0x1000178
u4_dlg_38_kw_job,0x1000179
u4_dlg_38_job,0x100017a
u4_dlg_38_kw_heal,0x100017b
u4_dlg_38_heal,0x100017c
u4_dlg_38_kw_show,0x100017d
u4_dlg_38_show,0x100017e
u4_dlg_38_kw_tele,0x100017f
u4_dlg_38_tele,0x1000180
u4_dlg_39_name,0x1000181
u4_dlg_39_look,0x1000182
u4_dlg_39_kw_job,0x1000183
u4_dlg_39_job,0x1000184
u4_dlg_39_kw_heal,0x1000185
u4_dlg_39_heal,0x1000186
u4_dlg_39_kw_know,0x1000187
u4_dlg_39_know,0x1000188
u4_dlg_39_kw_book,0x1000189
u4_dlg_39_book,0x100018a
u4_dlg_40_name,0x100018b
u4_dlg_40_look,0x100018c
u4_dlg_40_kw_job,0x100018d
u4_dlg_40_job,0x100018e
u4_dlg_40_kw_heal,0x100018f
u4_dlg_40_heal,0x1000190
u4_dlg_40_kw_thro,0x1000191
u4_dlg_40_thro,0x1000192
u4_dlg_40_kw_trut,0x1000193
u4_dlg_40_trut,0x1000194
u4_dlg_41_name,0x1000195
u4_dlg_41_look,0x1000196
u4_dlg_41_kw_job,0x1000197
u4_dlg_41_job,0x1000198
u4_dlg_41_kw_heal,0x1000199
u4_dlg_41_heal,0x100019a
u4_dlg_41_kw_advi,0x100019b
u4_dlg_41_advi,0x100019c
u4_dlg_41_kw_armo,0x100019d
u4_dlg_41_armo,0x100019e
u4_dlg_42_name,0x100019f
u4_dlg_42_look,0x10001a0
u4_dlg_42_kw_job,0x10001a1
u4_dlg_42_job,0x10001a2
u4_dlg_42_kw_heal,0x10001a3
u4_dlg_42_heal,0x10001a4
u4_dlg_42_kw_rese,0x10001a5
u4_dlg_42_rese,0x10001a6
u4_dlg_42_kw_just,0x10001a7
u4_dlg_42_just,0x10001a8
u4_dlg_43_name,0x10001a9
u4_dlg_43_look,0x10001aa
u4_dlg_43_kw_job,0x10001ab
u4_dlg_43_job,0x10001ac
u4_dlg_43_kw_heal,0x10001ad
u4_dlg_43_heal,0x10001ae
u4_dlg_43_kw_welc,0x10001af
u4_dlg_43_welc,0x10001b0
u4_dlg_43_kw_four,0x10001b1
u4_dlg_43_four,0x10001b2
u4_dlg_44_name,0x10001b3
u4_dlg_44_look,0x10001b4
u4_dlg_44_kw_job,0x10001b5
u4_dlg_44_job,0x10001b6
u4_dlg_44_kw_heal,0x10001b7
u4_dlg_44_heal,0x10001b8
u4_dlg_44_kw_trut,0x10001b9
u4_dlg_44_trut,0x10001ba
u4_dlg_44_kw_medi,0x10001bb
u4_dlg_44_medi,0x10001bc
u4_dlg_45_name,0x10001bd
u4_dlg_45_look,0x10001be
u4_dlg_45_kw_job,0x10001bf
u4_dlg_45_job,0x10001c0
u4_dlg_45_kw_heal,0x10001c1
u4_dlg_45_heal,0x10001c2
u4_dlg_45_kw_warr,0x10001c3
u4_dlg_45_warr,0x10001c4
u4_dlg_45_kw_woun,0x10001c5
u4_dlg_45_woun,0x10001c6
u4_dlg_46_name,0x10001c7
u4_dlg_46_look,0x10001c8
u4_dlg_46_kw_job,0x10001c9
u4_dlg_46_job,0x10001ca
u4_dlg_46_kw_heal,0x10001cb
u4_dlg_46_heal,0x10001cc
u4_dlg_46_kw_libr,0x10001cd
u4_dlg_46_libr,0x10001ce
u4_dlg_46_kw_trut,0x10001cf
u4_dlg_46_trut,0x10001d0
u4_dlg_47_name,0x10001d1
u4_dlg_47_look,0x10001d2
u4_dlg_47_kw_job,0x10001d3
u4_dlg_47_job,0x10001d4
u4_dlg_47_kw_heal,0x10001d5
u4_dlg_47_heal,0x10001d6
u4_dlg_47_kw_ente,0x10001d7
u4_dlg_47_ente,0x10001d8
u4_dlg_47_kw_unha,0x10001d9
u4_dlg_47_unha,0x10001da
u4_dlg_48_name,0x10001db
u4_dlg_48_look,0x10001dc
u4_dlg_48_kw_job,0x10001dd
u4_dlg_48_job,0x10001de
u4_dlg_48_kw_heal,0x10001df
u4_dlg_48_heal,0x10001e0
u4_dlg_48_kw_trea,0x10001e1
u4_dlg_48_trea,0x10001e2
u4_dlg_48_kw_valu,0x10001e3
u4_dlg_48_valu,0x10001e4
u4_dlg_49_name,0x10001e5
u4_dlg_49_look,0x10001e6
u4_dlg_49_kw_job,0x10001e7
u4_dlg_49_job,0x10001e8
u4_dlg_49_kw_heal,0x10001e9
u4_dlg_49_heal,0x10001ea
u4_dlg_49_kw_spel,0x10001eb
u4_dlg_49_spel,0x10001ec
u4_dlg_49_kw_reca,0x10001ed
u4_dlg_49_reca,0x10001ee
u4_dlg_50_name,0x10001ef
u4_dlg_50_look,0x10001f0
u4_dlg_50_kw_job,0x10001f2
u4_dlg_50_job,0x10001f3
u4_dlg_50_kw_heal,0x10001f4
u4_dlg_50_heal,0x10001f5
u4_dlg_50_kw_beg,0x10001f6
u4_dlg_50_beg,0x10001f7
u4_dlg_50_kw_sick,0x10001f8
u4_dlg_50_sick,0x10001f9
u4_dlg_51_name,0x10001fa
u4_dlg_51_look,0x10001fb
u4_dlg_51_kw_job,0x10001fc
u4_dlg_51_job,0x10001fd
u4_dlg_51_kw_heal,0x10001fe
u4_dlg_51_heal,0x10001ff
u4_dlg_51_kw_well,0x1000200
u4_dlg_51_well,0x1000201
u4_dlg_51_kw_trut,0x1000202
u4_dlg_51_trut,0x1000203
u4_dlg_52_name,0x1000204
u4_dlg_52_look,0x1000205
u4_dlg_52_kw_job,0x1000206
u4_dlg_52_job,0x1000207
u4_dlg_52_kw_heal,0x1000208
u4_dlg_52_heal,0x1000209
u4_dlg_52_kw_prov,0x100020a
u4_dlg_52_prov,0x100020b
u4_dlg_52_kw_word,0x100020c
u4_dlg_52_word,0x100020d
u4_dlg_53_name,0x100020e
u4_dlg_53_look,0x100020f
u4_dlg_53_kw_job,0x1000210
u4_dlg_53_job,0x1000211
u4_dlg_53_kw_heal,0x1000212
u4_dlg_53_heal,0x1000213
u4_dlg_53_kw_gate,0x1000214
u4_dlg_53_gate,0x1000215
u4_dlg_53_kw_guar,0x1000216
u4_dlg_53_guar,0x1000217
u4_dlg_54_name,0x1000218
u4_dlg_54_look,0x1000219
u4_dlg_54_kw_job,0x100021a
u4_dlg_54_job,0x100021b
u4_dlg_54_kw_heal,0x100021c
u4_dlg_54_heal,0x100021d
u4_dlg_54_kw_ship,0x100021e
u4_dlg_54_ship,0x100021f
u4_dlg_54_kw_whee,0x1000220
u4_dlg_54_whee,0x1000221
u4_dlg_55_name,0x1000222
u4_dlg_55_look,0x1000223
u4_dlg_55_kw_job,0x1000224
u4_dlg_55_job,0x1000225
u4_dlg_55_kw_heal,0x1000226
u4_dlg_55_heal,0x1000227
u4_dlg_55_kw_abys,0x1000228
u4_dlg_55_abys,0x1000229
u4_dlg_55_kw_code,0x100022a
u4_dlg_55_code,0x100022b
u4_dlg_56_name,0x100022c
u4_dlg_56_look,0x100022d
u4_dlg_56_kw_job,0x100022e
u4_dlg_56_job,0x100022f
u4_dlg_56_kw_heal,0x1000230
u4_dlg_56_heal,0x1000231
u4_dlg_56_kw_trai,0x1000232
u4_dlg_56_trai,0x1000233
u4_dlg_56_kw_dung,0x1000234
u4_dlg_56_dung,0x1000235
u4_dlg_57_name,0x1000236
u4_dlg_57_look,0x1000237
u4_dlg_57_kw_job,0x1000238
u4_dlg_57_job,0x1000239
u4_dlg_57_kw_heal,0x100023a
u4_dlg_57_heal,0x100023b
u4_dlg_57_kw_trai,0x100023c
u4_dlg_57_trai,0x100023d
u4_dlg_57_kw_room,0x100023e
u4_dlg_57_room,0x100023f
u4_dlg_58_name,0x1000240
u4_dlg_58_look,0x1000241
u4_dlg_58_kw_job,0x1000242
u4_dlg_58_job,0x1000243
u4_dlg_58_kw_heal,0x1000244
u4_dlg_58_heal,0x1000245
u4_dlg_58_kw_lord,0x1000246
u4_dlg_58_lord,0x1000247
u4_dlg_58_kw_cast,0x1000248
u4_dlg_58_cast,0x1000249
u4_dlg_59_name,0x100024a
u4_dlg_59_look,0x100024b
u4_dlg_59_kw_job,0x100024c
u4_dlg_59_job,0x100024d
u4_dlg_59_kw_heal,0x100024e
u4_dlg_59_heal,0x100024f
u4_dlg_59_kw_trea,0x1000250
u4_dlg_59_trea,0x1000251
u4_dlg_59_kw_dung,0x1000252
u4_dlg_59_dung,0x1000253
u4_dlg_60_name,0x1000254
u4_dlg_60_look,0x1000255
u4_dlg_60_kw_job,0x1000256
u4_dlg_60_job,0x1000257
u4_dlg_60_kw_heal,0x1000258
u4_dlg_60_heal,0x1000259
u4_dlg_60_kw_cour,0x100025a
u4_dlg_60_cour,0x100025b
u4_dlg_60_kw_bell,0x100025c
u4_dlg_60_bell,0x100025d
u4_dlg_61_name,0x100025e
u4_dlg_61_look,0x100025f
u4_dlg_61_kw_job,0x1000260
u4_dlg_61_job,0x1000261
u4_dlg_61_kw_heal,0x1000262
u4_dlg_61_heal,0x1000263
u4_dlg_61_kw_ques,0x1000264
u4_dlg_61_ques,0x1000265
u4_dlg_61_kw_dung,0x1000266
u4_dlg_61_dung,0x1000267
u4_dlg_62_name,0x1000268
u4_dlg_62_look,0x1000269
u4_dlg_62_kw_job,0x100026a
u4_dlg_62_job,0x100026b
u4_dlg_62_kw_heal,0x100026c
u4_dlg_62_heal,0x100026d
u4_dlg_62_kw_gara,0x100026e
u4_dlg_62_gara,0x100026f
u4_dlg_62_kw_durh,0x1000270
u4_dlg_62_durh,0x1000271
u4_dlg_63_name,0x1000272
u4_dlg_63_look,0x1000273
u4_dlg_63_kw_job,0x1000274
u4_dlg_63_job,0x1000275
u4_dlg_63_kw_heal,0x1000276
u4_dlg_63_heal,0x1000277
u4_dlg_63_kw_gara,0x1000278
u4_dlg_63_gara,0x1000279
u4_dlg_63_kw_durh,0x100027a
u4_dlg_63_durh,0x100027b
u4_dlg_64_name,0x100027c
u4_dlg_64_look,0x100027d
u4_dlg_64_kw_job,0x100027f
u4_dlg_64_job,0x1000280
u4_dlg_64_kw_heal,0x1000281
u4_dlg_64_heal,0x1000282
u4_dlg_64_kw_hand,0x1000283
u4_dlg_64_hand,0x1000284
u4_dlg_64_kw_orbs,0x1000285
u4_dlg_64_orbs,0x1000286
u4_dlg_65_name,0x1000287
u4_dlg_65_look,0x1000288
u4_dlg_65_kw_job,0x1000289
u4_dlg_65_job,0x100028a
u4_dlg_65_kw_heal,0x100028b
u4_dlg_65_heal,0x100028c
u4_dlg_65_kw_info,0x100028d
u4_dlg_65_info,0x100028e
u4_dlg_65_kw_bell,0x100028f
u4_dlg_65_bell,0x1000290
u4_dlg_66_name,0x1000291
u4_dlg_66_look,0x1000292
u4_dlg_66_kw_job,0x1000293
u4_dlg_66_job,0x1000294
u4_dlg_66_kw_heal,0x1000295
u4_dlg_66_heal,0x1000296
u4_dlg_66_kw_seas,0x1000297
u4_dlg_66_seas,0x1000298
u4_dlg_66_kw_ship,0x1000299
u4_dlg_66_ship,0x100029a
u4_dlg_67_name,0x100029b
u4_dlg_67_look,0x100029c
u4_dlg_67_kw_job,0x100029d
u4_dlg_67_job,0x100029e
u4_dlg_67_kw_heal,0x100029f
u4_dlg_67_heal,0x10002a0
u4_dlg_67_kw_sent,0x10002a1
u4_dlg_67_sent,0x10002a2
u4_dlg_67_kw_wind,0x10002a3
u4_dlg_67_wind,0x10002a4
u4_dlg_68_name,0x10002a5
u4_dlg_68_look,0x10002a6
u4_dlg_68_kw_job,0x10002a8
u4_dlg_68_job,0x10002a9
u4_dlg_68_kw_heal,0x10002aa
u4_dlg_68_heal,0x10002ab
u4_dlg_68_kw_brid,0x10002ac
u4_dlg_68_brid,0x10002ad
u4_dlg_69_name,0x10002ae
u4_dlg_69_look,0x10002af
u4_dlg_69_kw_job,0x10002b1
u4_dlg_69_job,0x10002b2
u4_dlg_69_kw_heal,0x10002b3
u4_dlg_69_heal,0x10002b4
u4_dlg_69_kw_guar,0x10002b5
u4_dlg_69_guar,0x10002b6
u4_dlg_69_kw_hung,0x10002b7
u4_dlg_69_hung,0x10002b8
u4_dlg_70_name,0x10002b9
u4_dlg_70_look,0x10002ba
u4_dlg_70_kw_job,0x10002bb
u4_dlg_70_job,0x10002bc
u4_dlg_70_kw_heal,0x10002bd
u4_dlg_70_heal,0x10002be
u4_dlg_70_kw_sail,0x10002bf
u4_dlg_70_sail,0x10002c0
u4_dlg_70_kw_life,0x10002c1
u4_dlg_70_life,0x10002c2
u4_dlg_71_name,0x10002c3
u4_dlg_71_look,0x10002c4
u4_dlg_71_kw_job,0x10002c5
u4_dlg_71_job,0x10002c6
u4_dlg_71_kw_heal,0x10002c7
u4_dlg_71_heal,0x10002c8
u4_dlg_71_kw_pira,0x10002c9
u4_dlg_71_pira,0x10002ca
u4_dlg_71_kw_raid,0x10002cb
u4_dlg_71_raid,0x10002cc
u4_dlg_72_name,0x10002cd
u4_dlg_72_look,0x10002ce
u4_dlg_72_kw_job,0x10002cf
u4_dlg_72_job,0x10002d0
u4_dlg_72_kw_heal,0x10002d1
u4_dlg_72_heal,0x10002d2
u4_dlg_72_kw_thie,0x10002d3
u4_dlg_72_thie,0x10002d4
u4_dlg_72_kw_clev,0x10002d5
u4_dlg_72_clev,0x10002d6
u4_dlg_73_name,0x10002d7
u4_dlg_73_look,0x10002d8
u4_dlg_73_kw_job,0x10002d9
u4_dlg_73_job,0x10002da
u4_dlg_73_kw_heal,0x10002db
u4_dlg_73_heal,0x10002dc
u4_dlg_73_kw_trav,0x10002dd
u4_dlg_73_trav,0x10002de
u4_dlg_73_kw_shar,0x10002df
u4_dlg_73_shar,0x10002e0
u4_dlg_74_name,0x10002e1
u4_dlg_74_look,0x10002e2
u4_dlg_74_kw_job,0x10002e3
u4_dlg_74_job,0x10002e4
u4_dlg_74_kw_heal,0x10002e5
u4_dlg_74_heal,0x10002e6
u4_dlg_74_kw_magi,0x10002e7
u4_dlg_74_magi,0x10002e8
u4_dlg_74_kw_slee,0x10002e9
u4_dlg_74_slee,0x10002ea
u4_dlg_75_name,0x10002eb
u4_dlg_75_look,0x10002ec
u4_dlg_75_kw_job,0x10002ed
u4_dlg_75_job,0x10002ee
u4_dlg_75_kw_heal,0x10002ef
u4_dlg_75_heal,0x10002f0
u4_dlg_75_kw_serv,0x10002f1
u4_dlg_75_serv,0x10002f2
u4_dlg_75_kw_hyth,0x10002f3
u4_dlg_75_hyth,0x10002f4
u4_dlg_76_name,0x10002f5
u4_dlg_76_look,0x10002f6
u4_dlg_76_kw_job,0x10002f7
u4_dlg_76_job,0x10002f8
u4_dlg_76_kw_heal,0x10002f9
u4_dlg_76_heal,0x10002fa
u4_dlg_76_kw_magi,0x10002fb
u4_dlg_76_magi,0x10002fc
u4_dlg_76_kw_mix,0x10002fd
u4_dlg_76_mix,0x10002fe
u4_dlg_77_name,0x10002ff
u4_dlg_77_look,0x1000300
u4_dlg_77_kw_job,0x1000302
u4_dlg_77_job,0x1000303
u4_dlg_77_kw_heal,0x1000304
u4_dlg_77_heal,0x1000305
u4_dlg_77_kw_it,0x1000306
u4_dlg_77_it,0x1000307
u4_dlg_78_name,0x1000308
u4_dlg_78_look,0x1000309
u4_dlg_78_kw_job,0x100030a
u4_dlg_78_job,0x100030b
u4_dlg_78_kw_heal,0x100030c
u4_dlg_78_heal,0x100030d
u4_dlg_78_kw_item,0x100030e
u4_dlg_78_item,0x100030f
u4_dlg_79_name,0x1000310
u4_dlg_79_look,0x1000311
u4_dlg_79_kw_job,0x1000312
u4_dlg_79_job,0x1000313
u4_dlg_79_kw_heal,0x1000314
u4_dlg_79_heal,0x1000315
u4_dlg_79_kw_warn,0x1000316
u4_dlg_79_warn,0x1000317
u4_dlg_79_kw_doom,0x1000318
u4_dlg_79_doom,0x1000319
u4_dlg_80_name,0x100031a
u4_dlg_80_look,0x100031b
u4_dlg_80_kw_job,0x100031c
u4_dlg_80_job,0x100031d
u4_dlg_80_kw_heal,0x100031e
u4_dlg_80_heal,0x100031f
u4_dlg_80_kw_armo,0x1000320
u4_dlg_80_armo,0x1000321
u4_dlg_80_kw_nowh,0x1000322
u4_dlg_80_nowh,0x1000323
u4_dlg_81_name,0x1000324
u4_dlg_81_look,0x1000325
u4_dlg_81_kw_job,0x1000326
u4_dlg_81_job,0x1000327
u4_dlg_81_kw_heal,0x1000328
u4_dlg_81_heal,0x1000329
u4_dlg_81_kw_wine,0x100032a
u4_dlg_81_wine,0x100032b
u4_dlg_81_kw_vint,0x100032c
u4_dlg_81_vint,0x100032d
u4_dlg_82_name,0x100032e
u4_dlg_82_look,0x100032f
u4_dlg_82_kw_job,0x1000330
u4_dlg_82_job,0x1000331
u4_dlg_82_kw_heal,0x1000332
u4_dlg_82_heal,0x1000333
u4_dlg_82_kw_tink,0x1000334
u4_dlg_82_tink,0x1000335
u4_dlg_82_kw_mach,0x1000336
u4_dlg_82_mach,0x1000337
u4_dlg_83_name,0x1000338
u4_dlg_83_look,0x1000339
u4_dlg_83_kw_job,0x100033a
u4_dlg_83_job,0x100033b
u4_dlg_83_kw_heal,0x100033c
u4_dlg_83_heal,0x100033d
u4_dlg_83_kw_hide,0x100033e
u4_dlg_83_hide,0x100033f
u4_dlg_83_kw_some,0x1000340
u4_dlg_83_some,0x1000341
u4_dlg_84_name,0x1000342
u4_dlg_84_look,0x1000343
u4_dlg_84_kw_job,0x1000344
u4_dlg_84_job,0x1000345
u4_dlg_84_kw_heal,0x1000346
u4_dlg_84_heal,0x1000347
u4_dlg_84_kw_abys,0x1000348
u4_dlg_84_abys,0x1000349
u4_dlg_84_kw_ship,0x100034a
u4_dlg_84_ship,0x100034b
u4_dlg_85_name,0x100034c
u4_dlg_85_look,0x100034d
u4_dlg_85_kw_job,0x100034e
u4_dlg_85_job,0x100034f
u4_dlg_85_kw_heal,0x1000350
u4_dlg_85_heal,0x1000351
u4_dlg_85_kw_wisd,0x1000352
u4_dlg_85_wisd,0x1000353
u4_dlg_85_kw_peac,0x1000354
u4_dlg_85_peac,0x1000355
u4_dlg_86_name,0x1000356
u4_dlg_86_look,0x1000357
u4_dlg_86_kw_job,0x1000358
u4_dlg_86_job,0x1000359
u4_dlg_86_kw_heal,0x100035a
u4_dlg_86_heal,0x100035b
u4_dlg_86_kw_recl,0x100035c
u4_dlg_86_recl,0x100035d
u4_dlg_86_kw_ston,0x100035e
u4_dlg_86_ston,0x100035f
u4_dlg_87_name,0x1000360
u4_dlg_87_look,0x1000361
u4_dlg_87_kw_job,0x1000362
u4_dlg_87_job,0x1000363
u4_dlg_87_kw_heal,0x1000364
u4_dlg_87_heal,0x1000365
u4_dlg_87_kw_arts,0x1000366
u4_dlg_87_arts,0x1000367
u4_dlg_87_kw_gate,0x1000368
u4_dlg_87_gate,0x1000369
u4_dlg_88_name,0x100036a
u4_dlg_88_look,0x100036b
u4_dlg_88_kw_job,0x100036c
u4_dlg_88_job,0x100036d
u4_dlg_88_kw_heal,0x100036e
u4_dlg_88_heal,0x100036f
u4_dlg_88_kw_code,0x1000370
u4_dlg_88_code,0x1000371
u4_dlg_88_kw_cham,0x1000372
u4_dlg_88_cham,0x1000373
u4_dlg_89_name,0x1000374
u4_dlg_89_look,0x1000375
u4_dlg_89_kw_job,0x1000376
u4_dlg_89_job,0x1000377
u4_dlg_89_kw_heal,0x1000378
u4_dlg_89_heal,0x1000379
u4_dlg_89_kw_love,0x100037a
u4_dlg_89_love,0x100037b
u4_dlg_89_kw_prob,0x100037c
u4_dlg_89_prob,0x100037d
u4_dlg_90_name,0x100037e
u4_dlg_90_look,0x100037f
u4_dlg_90_kw_job,0x1000380
u4_dlg_90_job,0x1000381
u4_dlg_90_kw_heal,0x1000382
u4_dlg_90_heal,0x1000383
u4_dlg_90_kw_chil,0x1000384
u4_dlg_90_chil,0x1000385
u4_dlg_90_kw_worl,0x1000386
u4_dlg_90_worl,0x1000387
u4_dlg_91_name,0x1000388
u4_dlg_91_look,0x1000389
u4_dlg_91_kw_job,0x100038a
u4_dlg_91_job,0x100038b
u4_dlg_91_kw_heal,0x100038c
u4_dlg_91_heal,0x100038d
u4_dlg_91_kw_ston,0x100038e
u4_dlg_91_ston,0x100038f
u4_dlg_91_kw_gate,0x1000390
u4_dlg_91_gate,0x1000391
u4_dlg_92_name,0x1000392
u4_dlg_92_look,0x1000393
u4_dlg_92_kw_job,0x1000394
u4_dlg_92_job,0x1000395
u4_dlg_92_kw_heal,0x1000396
u4_dlg_92_heal,0x1000397
u4_dlg_92_kw_rela,0x1000398
u4_dlg_92_rela,0x1000399
u4_dlg_93_name,0x100039a
u4_dlg_93_look,0x100039b
u4_dlg_93_kw_job,0x100039c
u4_dlg_93_job,0x100039d
u4_dlg_93_kw_heal,0x100039e
u4_dlg_93_heal,0x100039f
u4_dlg_93_kw_code,0x10003a0
u4_dlg_93_code,0x10003a1
u4_dlg_93_kw_abys,0x10003a2
u4_dlg_93_abys,0x10003a3
u4_dlg_94_name,0x10003a4
u4_dlg_94_look,0x10003a5
u4_dlg_94_kw_job,0x10003a6
u4_dlg_94_job,0x10003a7
u4_dlg_94_kw_heal,0x10003a8
u4_dlg_94_heal,0x10003a9
u4_dlg_94_kw_love,0x10003aa
u4_dlg_94_love,0x10003ab
u4_dlg_94_kw_hear,0x10003ac
u4_dlg_94_hear,0x10003ad
u4_dlg_95_name,0x10003ae
u4_dlg_95_look,0x10003af
u4_dlg_95_kw_job,0x10003b0
u4_dlg_95_job,0x10003b1
u4_dlg_95_kw_heal,0x10003b2
u4_dlg_95_heal,0x10003b3
u4_dlg_95_kw_rive,0x10003b4
u4_dlg_95_rive,0x10003b5
u4_dlg_95_kw_word,0x10003b6
u4_dlg_95_word,0x10003b7
u4_dlg_96_name,0x10003b8
u4_dlg_96_look,0x10003b9
u4_dlg_96_kw_job,0x10003ba
u4_dlg_96_job,0x10003bb
u4_dlg_96_kw_heal,0x10003bc
u4_dlg_96_heal,0x10003bd
u4_dlg_96_kw_code,0x10003be
u4_dlg_96_code,0x10003bf
u4_dlg_96_kw_comb,0x10003c0
u4_dlg_96_comb,0x10003c1
u4_dlg_97_name,0x10003c2
u4_dlg_97_look,0x10003c3
u4_dlg_97_kw_job,0x10003c4
u4_dlg_97_job,0x10003c5
u4_dlg_97_kw_heal,0x10003c6
u4_dlg_97_heal,0x10003c7
u4_dlg_97_kw_stud,0x10003c8
u4_dlg_97_stud,0x10003c9
u4_dlg_97_kw_code,0x10003ca
u4_dlg_97_code,0x10003cb
u4_dlg_98_name,0x10003cc
u4_dlg_98_look,0x10003cd
u4_dlg_98_kw_job,0x10003ce
u4_dlg_98_job,0x10003cf
u4_dlg_98_kw_heal,0x10003d0
u4_dlg_98_heal,0x10003d1
u4_dlg_98_kw_key,0x10003d2
u4_dlg_98_key,0x10003d3
u4_dlg_98_kw_axio,0x10003d4
u4_dlg_98_axio,0x10003d5
u4_dlg_99_name,0x10003d6
u4_dlg_99_look,0x10003d7
u4_dlg_99_kw_job,0x10003d8
u4_dlg_99_job,0x10003d9
u4_dlg_99_kw_heal,0x10003da
u4_dlg_99_heal,0x10003db
u4_dlg_99_kw_axio,0x10003dc
u4_dlg_99_axio,0x10003dd
u4_dlg_99_kw_part,0x10003de
u4_dlg_99_part,0x10003df
u4_dlg_100_name,0x10003e0
u4_dlg_100_look,0x10003e1
u4_dlg_100_kw_job,0x10003e2
u4_dlg_100_job,0x10003e3
u4_dlg_100_kw_heal,0x10003e4
u4_dlg_100_heal,0x10003e5
u4_dlg_100_kw_guar,0x10003e6
u4_dlg_100_guar,0x10003e7
u4_dlg_100_kw_trou,0x10003e8
u4_dlg_100_trou,0x10003e9
u4_dlg_101_name,0x10003ea
u4_dlg_101_look,0x10003eb
u4_dlg_101_kw_job,0x10003ec
u4_dlg_101_job,0x10003ed
u4_dlg_101_kw_heal,0x10003ee
u4_dlg_101_heal,0x10003ef
u4_dlg_101_kw_stab,0x10003f0
u4_dlg_101_stab,0x10003f1
u4_dlg_101_kw_smit,0x10003f2
u4_dlg_101_smit,0x10003f3
u4_dlg_102_name,0x10003f4
u4_dlg_102_look,0x10003f5
u4_dlg_102_kw_job,0x10003f6
u4_dlg_102_job,0x10003f7
u4_dlg_102_kw_heal,0x10003f8
u4_dlg_102_heal,0x10003f9
u4_dlg_102_kw_lumb,0x10003fa
u4_dlg_102_lumb,0x10003fb
u4_dlg_102_kw_axe,0x10003fc
u4_dlg_102_axe,0x10003fd
u4_dlg_103_name,0x10003fe
u4_dlg_103_look,0x10003ff
u4_dlg_103_kw_job,0x1000400
u4_dlg_103_job,0x1000401
u4_dlg_103_kw_heal,0x1000402
u4_dlg_103_heal,0x1000403
u4_dlg_103_kw_code,0x1000404
u4_dlg_103_code,0x1000405
u4_dlg_103_kw_word,0x1000406
u4_dlg_103_word,0x1000407
u4_dlg_104_name,0x1000408
u4_dlg_104_look,0x1000409
u4_dlg_104_kw_job,0x100040a
u4_dlg_104_job,0x100040b
u4_dlg_104_kw_heal,0x100040c
u4_dlg_104_heal,0x100040d
u4_dlg_104_kw_ale,0x100040e
u4_dlg_104_ale,0x100040f
u4_dlg_104_kw_brew,0x1000410
u4_dlg_104_brew,0x1000411
u4_dlg_105_name,0x1000412
u4_dlg_105_look,0x1000413
u4_dlg_105_kw_job,0x1000414
u4_dlg_105_job,0x1000415
u4_dlg_105_kw_heal,0x1000416
u4_dlg_105_heal,0x1000417
u4_dlg_105_kw_magi,0x1000418
u4_dlg_105_magi,0x1000419
u4_dlg_105_kw_mast,0x100041a
u4_dlg_105_mast,0x100041b
u4_dlg_106_name,0x100041c
u4_dlg_106_look,0x100041d
u4_dlg_106_kw_job,0x100041e
u4_dlg_106_job,0x100041f
u4_dlg_106_kw_heal,0x1000420
u4_dlg_106_heal,0x1000421
u4_dlg_106_kw_fait,0x1000422
u4_dlg_106_fait,0x1000423
u4_dlg_106_kw_ques,0x1000424
u4_dlg_106_ques,0x1000425
u4_dlg_107_name,0x1000426
u4_dlg_107_look,0x1000427
u4_dlg_107_kw_job,0x1000428
u4_dlg_107_job,0x1000429
u4_dlg_107_kw_heal,0x100042a
u4_dlg_107_heal,0x100042b
u4_dlg_107_kw_food,0x100042c
u4_dlg_107_food,0x100042d
u4_dlg_107_kw_rati,0x100042e
u4_dlg_107_rati,0x100042f
u4_dlg_108_name,0x1000430
u4_dlg_108_look,0x1000431
u4_dlg_108_kw_job,0x1000432
u4_dlg_108_job,0x1000433
u4_dlg_108_kw_heal,0x1000434
u4_dlg_108_heal,0x1000435
u4_dlg_109_name,0x1000436
u4_dlg_109_look,0x1000437
u4_dlg_109_kw_job,0x1000438
u4_dlg_109_job,0x1000439
u4_dlg_109_kw_heal,0x100043a
u4_dlg_109_heal,0x100043b
u4_dlg_109_kw_land,0x100043c
u4_dlg_109_land,0x100043d
u4_dlg_110_name,0x100043e
u4_dlg_110_look,0x100043f
u4_dlg_110_kw_job,0x1000440
u4_dlg_110_job,0x1000441
u4_dlg_110_kw_heal,0x1000442
u4_dlg_110_heal,0x1000443
u4_dlg_111_name,0x1000444
u4_dlg_111_look,0x1000445
u4_dlg_111_kw_job,0x1000446
u4_dlg_111_job,0x1000447
u4_dlg_111_kw_heal,0x1000448
u4_dlg_111_heal,0x1000449
u4_dlg_111_kw_keep,0x100044a
u4_dlg_111_keep,0x100044b
u4_dlg_111_kw_zirc,0x100044c
u4_dlg_111_zirc,0x100044d
u4_dlg_112_name,0x100044e
u4_dlg_112_look,0x100044f
u4_dlg_112_kw_job,0x1000450
u4_dlg_112_job,0x1000451
u4_dlg_112_kw_heal,0x1000452
u4_dlg_112_heal,0x1000453
u4_dlg_112_kw_keep,0x1000454
u4_dlg_112_keep,0x1000455
u4_dlg_112_kw_zirc,0x1000456
u4_dlg_112_zirc,0x1000457
u4_dlg_113_name,0x1000458
u4_dlg_113_look,0x1000459
u4_dlg_113_kw_job,0x100045a
u4_dlg_113_job,0x100045b
u4_dlg_113_kw_heal,0x100045c
u4_dlg_113_heal,0x100045d
u4_dlg_113_kw_serv,0x100045e
u4_dlg_113_serv,0x100045f
u4_dlg_113_kw_danc,0x1000460
u4_dlg_113_danc,0x1000461
u4_dlg_114_name,0x1000462
u4_dlg_114_look,0x1000463
u4_dlg_114_kw_job,0x1000464
u4_dlg_114_job,0x1000465
u4_dlg_114_kw_heal,0x1000466
u4_dlg_114_heal,0x1000467
u4_dlg_114_kw_brit,0x1000468
u4_dlg_114_brit,0x1000469
u4_dlg_114_kw_eart,0x100046a
u4_dlg_114_eart,0x100046b
u4_dlg_115_name,0x100046c
u4_dlg_115_look,0x100046d
u4_dlg_115_kw_job,0x100046e
u4_dlg_115_job,0x100046f
u4_dlg_115_kw_heal,0x1000470
u4_dlg_115_heal,0x1000471
u4_dlg_115_kw_tell,0x1000472
u4_dlg_115_tell,0x1000473
u4_dlg_115_kw_clue,0x1000474
u4_dlg_115_clue,0x1000475
u4_dlg_116_name,0x1000476
u4_dlg_116_look,0x1000477
u4_dlg_116_kw_job,0x1000478
u4_dlg_116_job,0x1000479
u4_dlg_116_kw_heal,0x100047a
u4_dlg_116_heal,0x100047b
u4_dlg_116_kw_vesp,0x100047c
u4_dlg_116_vesp,0x100047d
u4_dlg_116_kw_welc,0x100047e
u4_dlg_116_welc,0x100047f
u4_dlg_117_name,0x1000480
u4_dlg_117_look,0x1000481
u4_dlg_117_kw_job,0x1000482
u4_dlg_117_job,0x1000483
u4_dlg_117_kw_heal,0x1000484
u4_dlg_117_heal,0x1000485
u4_dlg_117_kw_toug,0x1000486
u4_dlg_117_toug,0x1000487
u4_dlg_117_kw_ug,0x1000488
u4_dlg_117_ug,0x1000489
u4_dlg_118_name,0x100048a
u4_dlg_118_look,0x100048b
u4_dlg_118_kw_job,0x100048c
u4_dlg_118_job,0x100048d
u4_dlg_118_kw_heal,0x100048e
u4_dlg_118_heal,0x100048f
u4_dlg_118_kw_help,0x1000490
u4_dlg_118_help,0x1000491
u4_dlg_118_kw_skul,0x1000492
u4_dlg_118_skul,0x1000493
u4_dlg_119_name,0x1000494
u4_dlg_119_look,0x1000495
u4_dlg_119_kw_job,0x1000496
u4_dlg_119_job,0x1000497
u4_dlg_119_kw_heal,0x1000498
u4_dlg_119_heal,0x1000499
u4_dlg_119_kw_tink,0x100049a
u4_dlg_119_tink,0x100049b
u4_dlg_119_kw_trav,0x100049c
u4_dlg_119_trav,0x100049d
u4_dlg_120_name,0x100049e
u4_dlg_120_look,0x100049f
u4_dlg_120_kw_job,0x10004a0
u4_dlg_120_job,0x10004a1
u4_dlg_120_kw_heal,0x10004a2
u4_dlg_120_heal,0x10004a3
u4_dlg_120_kw_serf,0x10004a4
u4_dlg_120_serf,0x10004a5
u4_dlg_120_kw_work,0x10004a6
u4_dlg_120_work,0x10004a7
u4_dlg_121_name,0x10004a8
u4_dlg_121_look,0x10004a9
u4_dlg_121_kw_job,0x10004aa
u4_dlg_121_job,0x10004ab
u4_dlg_121_kw_heal,0x10004ac
u4_dlg_121_heal,0x10004ad
u4_dlg_121_kw_humi,0x10004ae
u4_dlg_121_humi,0x10004af
u4_dlg_121_kw_prid,0x10004b0
u4_dlg_121_prid,0x10004b1
u4_dlg_122_name,0x10004b2
u4_dlg_122_look,0x10004b3
u4_dlg_122_kw_job,0x10004b4
u4_dlg_122_job,0x10004b5
u4_dlg_122_kw_heal,0x10004b6
u4_dlg_122_heal,0x10004b7
u4_dlg_122_kw_shri,0x10004b8
u4_dlg_122_shri,0x10004b9
u4_dlg_122_kw_humi,0x10004ba
u4_dlg_122_humi,0x10004bb
u4_dlg_123_name,0x10004bc
u4_dlg_123_look,0x10004bd
u4_dlg_123_kw_job,0x10004be
u4_dlg_123_job,0x10004bf
u4_dlg_123_kw_heal,0x10004c0
u4_dlg_123_heal,0x10004c1
u4_dlg_123_kw_work,0x10004c2
u4_dlg_123_work,0x10004c3
u4_dlg_123_kw_mant,0x10004c4
u4_dlg_123_mant,0x10004c5
u4_dlg_124_name,0x10004c6
u4_dlg_124_look,0x10004c7
u4_dlg_124_kw_job,0x10004c8
u4_dlg_124_job,0x10004c9
u4_dlg_124_kw_heal,0x10004ca
u4_dlg_124_heal,0x10004cb
u4_dlg_124_kw_shep,0x10004cc
u4_dlg_124_shep,0x10004cd
u4_dlg_124_kw_shri,0x10004ce
u4_dlg_124_shri,0x10004cf
u4_dlg_125_name,0x10004d0
u4_dlg_125_look,0x10004d1
u4_dlg_125_kw_job,0x10004d2
u4_dlg_125_job,0x10004d3
u4_dlg_125_kw_heal,0x10004d4
u4_dlg_125_heal,0x10004d5
u4_dlg_125_kw_gold,0x10004d6
u4_dlg_125_gold,0x10004d7
u4_dlg_125_kw_warn,0x10004d8
u4_dlg_125_warn,0x10004d9
u4_dlg_126_name,0x10004da
u4_dlg_126_look,0x10004db
u4_dlg_126_kw_job,0x10004dc
u4_dlg_126_job,0x10004dd
u4_dlg_126_kw_heal,0x10004de
u4_dlg_126_heal,0x10004df
u4_dlg_126_kw_shri,0x10004e0
u4_dlg_126_shri,0x10004e1
u4_dlg_127_name,0x10004e2
u4_dlg_127_look,0x10004e3
u4_dlg_127_kw_job,0x10004e4
u4_dlg_127_job,0x10004e5
u4_dlg_127_kw_heal,0x10004e6
u4_dlg_127_heal,0x10004e7
u4_dlg_127_kw_coun,0x10004e8
u4_dlg_127_coun,0x10004e9
u4_dlg_127_kw_virt,0x10004ea
u4_dlg_127_virt,0x10004eb
u4_dlg_128_name,0x10004ec
u4_dlg_128_look,0x10004ed
u4_dlg_128_kw_job,0x10004ee
u4_dlg_128_job,0x10004ef
u4_dlg_128_kw_heal,0x10004f0
u4_dlg_128_heal,0x10004f1
u4_dlg_128_kw_funn,0x10004f2
u4_dlg_128_funn,0x10004f3
u4_dlg_128_kw_nate,0x10004f4
u4_dlg_128_nate,0x10004f5
u4_dlg_129_name,0x10004f6
u4_dlg_129_look,0x10004f7
u4_dlg_129_kw_job,0x10004f8
u4_dlg_129_job,0x10004f9
u4_dlg_129_kw_heal,0x10004fa
u4_dlg_129_heal,0x10004fb
u4_dlg_129_kw_mage,0x10004fc
u4_dlg_129_mage,0x10004fd
u4_dlg_129_kw_calu,0x10004fe
u4_dlg_129_calu,0x10004ff
u4_dlg_130_name,0x1000500
u4_dlg_130_look,0x1000501
u4_dlg_130_kw_job,0x1000502
u4_dlg_130_job,0x1000503
u4_dlg_130_kw_heal,0x1000504
u4_dlg_130_heal,0x1000505
u4_dlg_130_kw_virt,0x1000506
u4_dlg_130_virt,0x1000507
u4_dlg_131_name,0x1000508
u4_dlg_131_look,0x1000509
u4_dlg_131_kw_job,0x100050a
u4_dlg_131_job,0x100050b
u4_dlg_131_kw_heal,0x100050c
u4_dlg_131_heal,0x100050d
u4_dlg_131_kw_borr,0x100050e
u4_dlg_131_borr,0x100050f
u4_dlg_131_kw_hors,0x1000510
u4_dlg_131_hors,0x1000511
u4_dlg_132_name,0x1000512
u4_dlg_132_look,0x1000513
u4_dlg_132_kw_job,0x1000514
u4_dlg_132_job,0x1000515
u4_dlg_132_kw_heal,0x1000516
u4_dlg_132_heal,0x1000517
u4_dlg_132_kw_play,0x1000518
u4_dlg_132_play,0x1000519
u4_dlg_132_kw_comp,0x100051a
u4_dlg_132_comp,0x100051b
u4_dlg_133_name,0x100051c
u4_dlg_133_look,0x100051d
u4_dlg_133_kw_job,0x100051e
u4_dlg_133_job,0x100051f
u4_dlg_133_kw_heal,0x1000520
u4_dlg_133_heal,0x1000521
u4_dlg_133_kw_danc,0x1000522
u4_dlg_133_danc,0x1000523
u4_dlg_133_kw_begg,0x1000524
u4_dlg_133_begg,0x1000525
u4_dlg_134_name,0x1000526
u4_dlg_134_look,0x1000527
u4_dlg_134_kw_job,0x1000528
u4_dlg_134_job,0x1000529
u4_dlg_134_kw_heal,0x100052a
u4_dlg_134_heal,0x100052b
u4_dlg_134_kw_sing,0x100052c
u4_dlg_134_sing,0x100052d
u4_dlg_134_kw_ho,0x100052e
u4_dlg_134_ho,0x100052f
u4_dlg_135_name,0x1000530
u4_dlg_135_look,0x1000531
u4_dlg_135_kw_job,0x1000532
u4_dlg_135_job,0x1000533
u4_dlg_135_kw_heal,0x1000534
u4_dlg_135_heal,0x1000535
u4_dlg_135_kw_brid,0x1000536
u4_dlg_135_brid,0x1000537
u4_dlg_135_kw_guar,0x1000538
u4_dlg_135_guar,0x1000539
u4_dlg_136_name,0x100053a
u4_dlg_136_look,0x100053b
u4_dlg_136_kw_job,0x100053c
u4_dlg_136_job,0x100053d
u4_dlg_136_kw_heal,0x100053e
u4_dlg_136_heal,0x100053f
u4_dlg_136_kw_bard,0x1000540
u4_dlg_136_bard,0x1000541
u4_dlg_136_kw_rune,0x1000542
u4_dlg_136_rune,0x1000543
u4_dlg_137_name,0x1000544
u4_dlg_137_look,0x1000545
u4_dlg_137_kw_job,0x1000546
u4_dlg_137_job,0x1000547
u4_dlg_137_kw_heal,0x1000548
u4_dlg_137_heal,0x1000549
u4_dlg_137_kw_orbs,0x100054a
u4_dlg_137_orbs,0x100054b
u4_dlg_137_kw_magi,0x100054c
u4_dlg_137_magi,0x100054d
u4_dlg_138_name,0x100054e
u4_dlg_138_look,0x100054f
u4_dlg_138_kw_job,0x1000550
u4_dlg_138_job,0x1000551
u4_dlg_138_kw_heal,0x1000552
u4_dlg_138_heal,0x1000553
u4_dlg_138_kw_ston,0x1000554
u4_dlg_138_ston,0x1000555
u4_dlg_138_kw_rum,0x1000556
u4_dlg_138_rum,0x1000557
u4_dlg_139_name,0x1000558
u4_dlg_139_look,0x1000559
u4_dlg_139_kw_job,0x100055a
u4_dlg_139_job,0x100055b
u4_dlg_139_kw_heal,0x100055c
u4_dlg_139_heal,0x100055d
u4_dlg_139_kw_shhh,0x100055e
u4_dlg_139_shhh,0x100055f
u4_dlg_139_kw_mant,0x1000560
u4_dlg_139_mant,0x1000561
u4_dlg_140_name,0x1000562
u4_dlg_140_look,0x1000563
u4_dlg_140_kw_job,0x1000564
u4_dlg_140_job,0x1000565
u4_dlg_140_kw_heal,0x1000566
u4_dlg_140_heal,0x1000567
u4_dlg_140_kw_guar,0x1000568
u4_dlg_140_guar,0x1000569
u4_dlg_140_kw_comp,0x100056a
u4_dlg_140_comp,0x100056b
u4_dlg_141_name,0x100056c
u4_dlg_141_look,0x100056d
u4_dlg_141_kw_job,0x100056e
u4_dlg_141_job,0x100056f
u4_dlg_141_kw_heal,0x1000570
u4_dlg_141_heal,0x1000571
u4_dlg_141_kw_lear,0x1000572
u4_dlg_141_lear,0x1000573
u4_dlg_141_kw_comp,0x1000574
u4_dlg_141_comp,0x1000575
u4_dlg_142_name,0x1000576
u4_dlg_142_look,0x1000577
u4_dlg_142_kw_job,0x1000578
u4_dlg_142_job,0x1000579
u4_dlg_142_kw_heal,0x100057a
u4_dlg_142_heal,0x100057b
u4_dlg_142_kw_chil,0x100057c
u4_dlg_142_chil,0x100057d
u4_dlg_142_kw_comp,0x100057e
u4_dlg_142_comp,0x100057f
u4_dlg_143_name,0x1000580
u4_dlg_143_look,0x1000581
u4_dlg_143_kw_job,0x1000582
u4_dlg_143_job,0x1000583
u4_dlg_143_kw_heal,0x1000584
u4_dlg_143_heal,0x1000585
u4_dlg_143_kw_secr,0x1000586
u4_dlg_143_secr,0x1000587
u4_dlg_143_kw_mond,0x1000588
u4_dlg_143_mond,0x1000589
u4_dlg_144_name,0x100058a
u4_dlg_144_look,0x100058b
u4_dlg_144_kw_job,0x100058c
u4_dlg_144_job,0x100058d
u4_dlg_144_kw_heal,0x100058e
u4_dlg_144_heal,0x100058f
u4_dlg_144_kw_juli,0x1000590
u4_dlg_144_juli,0x1000591
u4_dlg_144_kw_comp,0x1000592
u4_dlg_144_comp,0x1000593
u4_dlg_145_name,0x1000594
u4_dlg_145_look,0x1000595
u4_dlg_145_kw_job,0x1000596
u4_dlg_145_job,0x1000597
u4_dlg_145_kw_heal,0x1000598
u4_dlg_145_heal,0x1000599
u4_dlg_145_kw_natu,0x100059a
u4_dlg_145_natu,0x100059b
u4_dlg_145_kw_comp,0x100059c
u4_dlg_145_comp,0x100059d
u4_dlg_146_name,0x100059e
u4_dlg_146_look,0x100059f
u4_dlg_146_kw_job,0x10005a0
u4_dlg_146_job,0x10005a1
u4_dlg_146_kw_heal,0x10005a2
u4_dlg_146_heal,0x10005a3
u4_dlg_146_kw_magi,0x10005a4
u4_dlg_146_magi,0x10005a5
u4_dlg_146_kw_prid,0x10005a6
u4_dlg_146_prid,0x10005a7
u4_dlg_147_name,0x10005a8
u4_dlg_147_look,0x10005a9
u4_dlg_147_kw_job,0x10005ab
u4_dlg_147_job,0x10005ac
u4_dlg_147_kw_heal,0x10005ad
u4_dlg_147_heal,0x10005ae
u4_dlg_147_kw_star,0x10005af
u4_dlg_147_star,0x10005b0
u4_dlg_147_kw_beg,0x10005b1
u4_dlg_147_beg,0x10005b2
u4_dlg_148_name,0x10005b3
u4_dlg_148_look,0x10005b4
u4_dlg_148_kw_job,0x10005b5
u4_dlg_148_job,0x10005b6
u4_dlg_148_kw_heal,0x10005b7
u4_dlg_148_heal,0x10005b8
u4_dlg_148_kw_trav,0x10005b9
u4_dlg_148_trav,0x10005ba
u4_dlg_148_kw_bamb,0x10005bb
u4_dlg_148_bamb,0x10005bc
u4_dlg_149_name,0x10005bd
u4_dlg_149_look,0x10005be
u4_dlg_149_kw_job,0x10005c0
u4_dlg_149_job,0x10005c1
u4_dlg_149_kw_heal,0x10005c2
u4_dlg_149_heal,0x10005c3
u4_dlg_149_kw_inst,0x10005c4
u4_dlg_149_inst,0x10005c5
u4_dlg_149_kw_musi,0x10005c6
u4_dlg_149_musi,0x10005c7
u4_dlg_150_name,0x10005c8
u4_dlg_150_look,0x10005c9
u4_dlg_150_kw_job,0x10005ca
u4_dlg_150_job,0x10005cb
u4_dlg_150_kw_heal,0x10005cc
u4_dlg_150_heal,0x10005cd
u4_dlg_150_kw_warr,0x10005ce
u4_dlg_150_warr,0x10005cf
u4_dlg_150_kw_batt,0x10005d0
u4_dlg_150_batt,0x10005d1
u4_dlg_151_name,0x10005d2
u4_dlg_151_look,0x10005d3
u4_dlg_151_kw_job,0x10005d4
u4_dlg_151_job,0x10005d5
u4_dlg_151_kw_heal,0x10005d6
u4_dlg_151_heal,0x10005d7
u4_dlg_151_kw_warr,0x10005d8
u4_dlg_151_warr,0x10005d9
u4_dlg_151_kw_batt,0x10005da
u4_dlg_151_batt,0x10005db
u4_dlg_152_name,0x10005dc
u4_dlg_152_look,0x10005dd
u4_dlg_152_kw_job,0x10005de
u4_dlg_152_job,0x10005df
u4_dlg_152_kw_heal,0x10005e0
u4_dlg_152_heal,0x10005e1
u4_dlg_152_kw_preg,0x10005e2
u4_dlg_152_preg,0x10005e3
u4_dlg_152_kw_shee,0x10005e4
u4_dlg_152_shee,0x10005e5
u4_dlg_153_name,0x10005e6
u4_dlg_153_look,0x10005e7
u4_dlg_153_kw_job,0x10005e8
u4_dlg_153_job,0x10005e9
u4_dlg_153_kw_heal,0x10005ea
u4_dlg_153_heal,0x10005eb
u4_dlg_153_kw_dung,0x10005ec
u4_dlg_153_dung,0x10005ed
u4_dlg_153_kw_room,0x10005ee
u4_dlg_153_room,0x10005ef
u4_dlg_154_name,0x10005f0
u4_dlg_154_look,0x10005f1
u4_dlg_154_kw_job,0x10005f2
u4_dlg_154_job,0x10005f3
u4_dlg_154_kw_heal,0x10005f4
u4_dlg_154_heal,0x10005f5
u4_dlg_154_kw_evil,0x10005f6
u4_dlg_154_evil,0x10005f7
u4_dlg_154_kw_kill,0x10005f8
u4_dlg_154_kill,0x10005f9
u4_dlg_155_name,0x10005fa
u4_dlg_155_look,0x10005fb
u4_dlg_155_kw_job,0x10005fc
u4_dlg_155_job,0x10005fd
u4_dlg_155_kw_heal,0x10005fe
u4_dlg_155_heal,0x10005ff
u4_dlg_155_kw_valo,0x1000600
u4_dlg_155_valo,0x1000601
u4_dlg_155_kw_shri,0x1000602
u4_dlg_155_shri,0x1000603
u4_dlg_156_name,0x1000604
u4_dlg_156_look,0x1000605
u4_dlg_156_kw_job,0x1000607
u4_dlg_156_job,0x1000608
u4_dlg_156_kw_heal,0x1000609
u4_dlg_156_heal,0x100060a
u4_dlg_156_kw_gate,0x100060b
u4_dlg_156_gate,0x100060c
u4_dlg_156_kw_pass,0x100060d
u4_dlg_156_pass,0x100060e
u4_dlg_157_name,0x100060f
u4_dlg_157_look,0x1000610
u4_dlg_157_kw_job,0x1000611
u4_dlg_157_job,0x1000612
u4_dlg_157_kw_heal,0x1000613
u4_dlg_157_heal,0x1000614
u4_dlg_157_kw_valo,0x1000615
u4_dlg_157_valo,0x1000616
u4_dlg_157_kw_mant,0x1000617
u4_dlg_157_mant,0x1000618
u4_dlg_158_name,0x1000619
u4_dlg_158_look,0x100061a
u4_dlg_158_kw_job,0x100061b
u4_dlg_158_job,0x100061c
u4_dlg_158_kw_heal,0x100061d
u4_dlg_158_heal,0x100061e
u4_dlg_158_kw_dung,0x100061f
u4_dlg_158_dung,0x1000620
u4_dlg_158_kw_ston,0x1000621
u4_dlg_158_ston,0x1000622
u4_dlg_159_name,0x1000623
u4_dlg_159_look,0x1000624
u4_dlg_159_kw_job,0x1000625
u4_dlg_159_job,0x1000626
u4_dlg_159_kw_heal,0x1000627
u4_dlg_159_heal,0x1000628
u4_dlg_159_kw_towe,0x1000629
u4_dlg_159_towe,0x100062a
u4_dlg_159_kw_crim,0x100062b
u4_dlg_159_crim,0x100062c
u4_dlg_160_name,0x100062d
u4_dlg_160_look,0x100062e
u4_dlg_160_kw_job,0x100062f
u4_dlg_160_job,0x1000630
u4_dlg_160_kw_heal,0x1000631
u4_dlg_160_heal,0x1000632
u4_dlg_160_kw_pass,0x1000633
u4_dlg_160_pass,0x1000634
u4_dlg_160_kw_gran,0x1000635
u4_dlg_160_gran,0x1000636
u4_dlg_161_name,0x1000637
u4_dlg_161_look,0x1000638
u4_dlg_161_kw_job,0x1000639
u4_dlg_161_job,0x100063a
u4_dlg_161_kw_heal,0x100063b
u4_dlg_161_heal,0x100063c
u4_dlg_161_kw_ligh,0x100063d
u4_dlg_161_ligh,0x100063e
u4_dlg_161_kw_yew,0x100063f
u4_dlg_161_yew,0x1000640
u4_dlg_162_name,0x1000641
u4_dlg_162_look,0x1000642
u4_dlg_162_kw_job,0x1000643
u4_dlg_162_job,0x1000644
u4_dlg_162_kw_heal,0x1000645
u4_dlg_162_heal,0x1000646
u4_dlg_162_kw_hous,0x1000647
u4_dlg_162_hous,0x1000648
u4_dlg_162_kw_room,0x1000649
u4_dlg_162_room,0x100064a
u4_dlg_163_name,0x100064b
u4_dlg_163_look,0x100064c
u4_dlg_163_kw_job,0x100064d
u4_dlg_163_job,0x100064e
u4_dlg_163_kw_heal,0x100064f
u4_dlg_163_heal,0x1000650
u4_dlg_163_kw_ston,0x1000651
u4_dlg_163_ston,0x1000652
u4_dlg_163_kw_red,0x1000653
u4_dlg_163_red,0x1000654
u4_dlg_164_name,0x1000655
u4_dlg_164_look,0x1000656
u4_dlg_164_kw_job,0x1000657
u4_dlg_164_job,0x1000658
u4_dlg_164_kw_heal,0x1000659
u4_dlg_164_heal,0x100065a
u4_dlg_164_kw_batt,0x100065b
u4_dlg_164_batt,0x100065c
u4_dlg_164_kw_valo,0x100065d
u4_dlg_164_valo,0x100065e
u4_dlg_165_name,0x100065f
u4_dlg_165_look,0x1000660
u4_dlg_165_kw_job,0x1000661
u4_dlg_165_job,0x1000662
u4_dlg_165_kw_heal,0x1000663
u4_dlg_165_heal,0x1000664
u4_dlg_165_kw_valo,0x1000665
u4_dlg_165_valo,0x1000666
u4_dlg_165_kw_brav,0x1000667
u4_dlg_165_brav,0x1000668
u4_dlg_166_name,0x1000669
u4_dlg_166_look,0x100066a
u4_dlg_166_kw_job,0x100066c
u4_dlg_166_job,0x100066d
u4_dlg_166_kw_heal,0x100066e
u4_dlg_166_heal,0x100066f
u4_dlg_166_kw_tomb,0x1000670
u4_dlg_166_tomb,0x1000671
u4_dlg_166_kw_warr,0x1000672
u4_dlg_166_warr,0x1000673
u4_dlg_167_name,0x1000674
u4_dlg_167_look,0x1000675
u4_dlg_167_kw_job,0x1000676
u4_dlg_167_job,0x1000677
u4_dlg_167_kw_heal,0x1000678
u4_dlg_167_heal,0x1000679
u4_dlg_167_kw_surv,0x100067a
u4_dlg_167_surv,0x100067b
u4_dlg_167_kw_prid,0x100067c
u4_dlg_167_prid,0x100067d
u4_dlg_168_name,0x100067e
u4_dlg_168_look,0x100067f
u4_dlg_168_kw_job,0x1000680
u4_dlg_168_job,0x1000681
u4_dlg_168_kw_heal,0x1000682
u4_dlg_168_heal,0x1000683
u4_dlg_168_kw_peac,0x1000684
u4_dlg_168_peac,0x1000685
u4_dlg_168_kw_spir,0x1000686
u4_dlg_168_spir,0x1000687
u4_dlg_169_name,0x1000688
u4_dlg_169_look,0x1000689
u4_dlg_169_kw_job,0x100068a
u4_dlg_169_job,0x100068b
u4_dlg_169_kw_heal,0x100068c
u4_dlg_169_heal,0x100068d
u4_dlg_169_kw_nobl,0x100068e
u4_dlg_169_nobl,0x100068f
u4_dlg_170_name,0x1000690
u4_dlg_170_look,0x1000691
u4_dlg_170_kw_job,0x1000692
u4_dlg_170_job,0x1000693
u4_dlg_170_kw_heal,0x1000694
u4_dlg_170_heal,0x1000695
u4_dlg_170_kw_haun,0x1000696
u4_dlg_170_haun,0x1000697
u4_dlg_170_kw_prid,0x1000698
u4_dlg_170_prid,0x1000699
u4_dlg_171_name,0x100069a
u4_dlg_171_look,0x100069b
u4_dlg_171_kw_job,0x100069c
u4_dlg_171_job,0x100069d
u4_dlg_171_kw_heal,0x100069e
u4_dlg_171_heal,0x100069f
u4_dlg_171_kw_hang,0x10006a0
u4_dlg_171_hang,0x10006a1
u4_dlg_171_kw_mant,0x10006a2
u4_dlg_171_mant,0x10006a3
u4_dlg_172_name,0x10006a4
u4_dlg_172_look,0x10006a5
u4_dlg_172_kw_job,0x10006a6
u4_dlg_172_job,0x10006a7
u4_dlg_172_kw_heal,0x10006a8
u4_dlg_172_heal,0x10006a9
u4_dlg_172_kw_haun,0x10006aa
u4_dlg_172_haun,0x10006ab
u4_dlg_172_kw_mant,0x10006ac
u4_dlg_172_mant,0x10006ad
u4_dlg_173_name,0x10006ae
u4_dlg_173_look,0x10006af
u4_dlg_173_kw_job,0x10006b0
u4_dlg_173_job,0x10006b1
u4_dlg_173_kw_heal,0x10006b2
u4_dlg_173_heal,0x10006b3
u4_dlg_173_kw_bone,0x10006b4
u4_dlg_173_bone,0x10006b5
u4_dlg_173_kw_prid,0x10006b6
u4_dlg_173_prid,0x10006b7
u4_dlg_174_name,0x10006b8
u4_dlg_174_look,0x10006b9
u4_dlg_174_kw_job,0x10006ba
u4_dlg_174_job,0x10006bb
u4_dlg_174_kw_heal,0x10006bc
u4_dlg_174_heal,0x10006bd
u4_dlg_174_kw_horn,0x10006be
u4_dlg_174_horn,0x10006bf
u4_dlg_174_kw_shri,0x10006c0
u4_dlg_174_shri,0x10006c1
u4_dlg_175_name,0x10006c2
u4_dlg_175_look,0x10006c3
u4_dlg_175_kw_job,0x10006c4
u4_dlg_175_job,0x10006c5
u4_dlg_175_kw_heal,0x10006c6
u4_dlg_175_heal,0x10006c7
u4_dlg_175_kw_bone,0x10006c8
u4_dlg_175_bone,0x10006c9
u4_dlg_175_kw_horn,0x10006ca
u4_dlg_175_horn,0x10006cb
u4_dlg_176_name,0x10006cc
u4_dlg_176_look,0x10006cd
u4_dlg_176_kw_job,0x10006ce
u4_dlg_176_job,0x10006cf
u4_dlg_176_kw_heal,0x10006d0
u4_dlg_176_heal,0x10006d1
u4_dlg_176_kw_haun,0x10006d2
u4_dlg_176_haun,0x10006d3
u4_dlg_176_kw_shri,0x10006d4
u4_dlg_176_shri,0x10006d5
u4_dlg_177_name,0x10006d6
u4_dlg_177_look,0x10006d7
u4_dlg_177_kw_job,0x10006d8
u4_dlg_177_job,0x10006d9
u4_dlg_177_kw_heal,0x10006da
u4_dlg_177_heal,0x10006db
u4_dlg_177_kw_merc,0x10006dc
u4_dlg_177_merc,0x10006dd
u4_dlg_177_kw_powe,0x10006de
u4_dlg_177_powe,0x10006df
u4_dlg_178_name,0x10006e0
u4_dlg_178_look,0x10006e1
u4_dlg_178_kw_job,0x10006e2
u4_dlg_178_job,0x10006e3
u4_dlg_178_kw_heal,0x10006e4
u4_dlg_178_heal,0x10006e5
u4_dlg_178_kw_shop,0x10006e6
u4_dlg_178_shop,0x10006e7
u4_dlg_178_kw_spoi,0x10006e8
u4_dlg_178_spoi,0x10006e9
u4_dlg_179_name,0x10006ea
u4_dlg_179_look,0x10006eb
u4_dlg_179_kw_job,0x10006ec
u4_dlg_179_job,0x10006ed
u4_dlg_179_kw_heal,0x10006ee
u4_dlg_179_heal,0x10006ef
u4_dlg_179_kw_regr,0x10006f0
u4_dlg_179_regr,0x10006f1
u4_dlg_179_kw_humb,0x10006f2
u4_dlg_179_humb,0x10006f3
u4_dlg_180_name,0x10006f4
u4_dlg_180_look,0x10006f5
u4_dlg_180_kw_job,0x10006f6
u4_dlg_180_job,0x10006f7
u4_dlg_180_kw_heal,0x10006f8
u4_dlg_180_heal,0x10006f9
u4_dlg_180_kw_humi,0x10006fa
u4_dlg_180_humi,0x10006fb
u4_dlg_180_kw_rune,0x10006fc
u4_dlg_180_rune,0x10006fd
u4_dlg_181_name,0x10006fe
u4_dlg_181_look,0x10006ff
u4_dlg_181_kw_job,0x1000701
u4_dlg_181_job,0x1000702
u4_dlg_181_kw_heal,0x1000703
u4_dlg_181_heal,0x1000704
u4_dlg_181_kw_ston,0x1000705
u4_dlg_181_ston,0x1000706
u4_dlg_181_kw_blac,0x1000707
u4_dlg_181_blac,0x1000708
u4_dlg_182_name,0x1000709
u4_dlg_182_look,0x100070a
u4_dlg_182_kw_job,0x100070b
u4_dlg_182_job,0x100070c
u4_dlg_182_kw_heal,0x100070d
u4_dlg_182_heal,0x100070e
u4_dlg_182_kw_magi,0x100070f
u4_dlg_182_magi,0x1000710
u4_dlg_183_name,0x1000711
u4_dlg_183_look,0x1000712
u4_dlg_183_kw_job,0x1000714
u4_dlg_183_job,0x1000715
u4_dlg_183_kw_heal,0x1000716
u4_dlg_183_heal,0x1000717
u4_dlg_183_kw_humi,0x1000718
u4_dlg_183_humi,0x1000719
u4_dlg_183_kw_conc,0x100071a
u4_dlg_183_conc,0x100071b
u4_dlg_184_name,0x100071c
u4_dlg_184_look,0x100071d
u4_dlg_184_kw_job,0x100071e
u4_dlg_184_job,0x100071f
u4_dlg_184_kw_heal,0x1000720
u4_dlg_184_heal,0x1000721
u4_dlg_184_kw_poor,0x1000722
u4_dlg_184_poor,0x1000723
u4_dlg_185_name,0x1000724
u4_dlg_185_look,0x1000725
u4_dlg_185_kw_job,0x1000726
u4_dlg_185_job,0x1000727
u4_dlg_185_kw_heal,0x1000728
u4_dlg_185_heal,0x1000729
u4_dlg_185_kw_weap,0x100072a
u4_dlg_185_weap,0x100072b
u4_dlg_185_kw_myst,0x100072c
u4_dlg_185_myst,0x100072d
u4_dlg_186_name,0x100072e
u4_dlg_186_look,0x100072f
u4_dlg_186_kw_job,0x1000730
u4_dlg_186_job,0x1000731
u4_dlg_186_kw_heal,0x1000732
u4_dlg_186_heal,0x1000733
u4_dlg_186_kw_help,0x1000734
u4_dlg_186_help,0x1000735
u4_dlg_186_kw_sick,0x1000736
u4_dlg_186_sick,0x1000737
u4_dlg_187_name,0x1000738
u4_dlg_187_look,0x1000739
u4_dlg_187_kw_job,0x100073a
u4_dlg_187_job,0x100073b
u4_dlg_187_kw_heal,0x100073c
u4_dlg_187_heal,0x100073d
u4_dlg_187_kw_hung,0x100073e
u4_dlg_187_hung,0x100073f
u4_dlg_187_kw_food,0x1000740
u4_dlg_187_food,0x1000741
u4_dlg_188_name,0x1000742
u4_dlg_188_look,0x1000743
u4_dlg_188_kw_job,0x1000745
u4_dlg_188_job,0x1000746
u4_dlg_188_kw_heal,0x1000747
u4_dlg_188_heal,0x1000748
u4_dlg_188_kw_die,0x1000749
u4_dlg_188_die,0x100074a
u4_dlg_188_kw_cons,0x100074b
u4_dlg_188_cons,0x100074c
u4_dlg_189_name,0x100074d
u4_dlg_189_look,0x100074e
u4_dlg_189_kw_job,0x100074f
u4_dlg_189_job,0x1000750
u4_dlg_189_kw_heal,0x1000751
u4_dlg_189_heal,0x1000752
u4_dlg_189_kw_rede,0x1000753
u4_dlg_189_rede,0x1000754
u4_dlg_189_kw_shar,0x1000755
u4_dlg_189_shar,0x1000756
u4_dlg_190_name,0x1000757
u4_dlg_190_look,0x1000758
u4_dlg_190_kw_job,0x1000759
u4_dlg_190_job,0x100075a
u4_dlg_190_kw_heal,0x100075b
u4_dlg_190_heal,0x100075c
u4_dlg_190_kw_hear,0x100075d
u4_dlg_190_hear,0x100075e
u4_dlg_190_kw_ston,0x100075f
u4_dlg_190_ston,0x1000760
u4_dlg_191_name,0x1000761
u4_dlg_191_look,0x1000762
u4_dlg_191_kw_job,0x1000763
u4_dlg_191_job,0x1000764
u4_dlg_191_kw_heal,0x1000765
u4_dlg_191_heal,0x1000766
u4_dlg_191_kw_room,0x1000767
u4_dlg_191_room,0x1000768
u4_dlg_191_kw_skar,0x1000769
u4_dlg_191_skar,0x100076a
u4_dlg_192_name,0x100076b
u4_dlg_192_look,0x100076c
u4_dlg_192_kw_job,0x100076d
u4_dlg_192_job,0x100076e
u4_dlg_192_kw_heal,0x100076f
u4_dlg_192_heal,0x1000770
u4_dlg_192_kw_flow,0x1000771
u4_dlg_192_flow,0x1000772
u4_dlg_192_kw_kind,0x1000773
u4_dlg_192_kind,0x1000774
u4_dlg_193_name,0x1000775
u4_dlg_193_look,0x1000776
u4_dlg_193_kw_job,0x1000777
u4_dlg_193_job,0x1000778
u4_dlg_193_kw_heal,0x1000779
u4_dlg_193_heal,0x100077a
u4_dlg_193_kw_sacr,0x100077b
u4_dlg_193_sacr,0x100077c
u4_dlg_193_kw_virt,0x100077d
u4_dlg_193_virt,0x100077e
u4_dlg_194_name,0x100077f
u4_dlg_194_look,0x1000780
u4_dlg_194_kw_job,0x1000781
u4_dlg_194_job,0x1000782
u4_dlg_194_kw_heal,0x1000783
u4_dlg_194_heal,0x1000784
u4_dlg_194_kw_sing,0x1000785
u4_dlg_194_sing,0x1000786
u4_dlg_194_kw_song,0x1000787
u4_dlg_194_song,0x1000788
u4_dlg_195_name,0x1000789
u4_dlg_195_look,0x100078a
u4_dlg_195_kw_job,0x100078b
u4_dlg_195_job,0x100078c
u4_dlg_195_kw_heal,0x100078d
u4_dlg_195_heal,0x100078e
u4_dlg_195_kw_thin,0x100078f
u4_dlg_195_thin,0x1000790
u4_dlg_195_kw_mant,0x1000791
u4_dlg_195_mant,0x1000792
u4_dlg_196_name,0x1000793
u4_dlg_196_look,0x1000794
u4_dlg_196_kw_job,0x1000795
u4_dlg_196_job,0x1000796
u4_dlg_196_kw_heal,0x1000797
u4_dlg_196_heal,0x1000798
u4_dlg_196_kw_this,0x1000799
u4_dlg_196_this,0x100079a
u4_dlg_196_kw_soap,0x100079b
u4_dlg_196_soap,0x100079c
u4_dlg_197_name,0x100079d
u4_dlg_197_look,0x100079e
u4_dlg_197_kw_job,0x10007a0
u4_dlg_197_job,0x10007a1
u4_dlg_197_kw_heal,0x10007a2
u4_dlg_197_heal,0x10007a3
u4_dlg_197_kw_rune,0x10007a4
u4_dlg_197_rune,0x10007a5
u4_dlg_197_kw_sacr,0x10007a6
u4_dlg_197_sacr,0x10007a7
u4_dlg_198_name,0x10007a8
u4_dlg_198_look,0x10007a9
u4_dlg_198_kw_job,0x10007aa
u4_dlg_198_job,0x10007ab
u4_dlg_198_kw_heal,0x10007ac
u4_dlg_198_heal,0x10007ad
u4_dlg_198_kw_shri,0x10007ae
u4_dlg_198_shri,0x10007af
u4_dlg_198_kw_mant,0x10007b0
u4_dlg_198_mant,0x10007b1
u4_dlg_199_name,0x10007b2
u4_dlg_199_look,0x10007b3
u4_dlg_199_kw_job,0x10007b4
u4_dlg_199_job,0x10007b5
u4_dlg_199_kw_heal,0x10007b6
u4_dlg_199_heal,0x10007b7
u4_dlg_199_kw_guar,0x10007b8
u4_dlg_199_guar,0x10007b9
u4_dlg_199_kw_life,0x10007ba
u4_dlg_199_life,0x10007bb
u4_dlg_200_name,0x10007bc
u4_dlg_200_look,0x10007bd
u4_dlg_200_kw_job,0x10007bf
u4_dlg_200_job,0x10007c0
u4_dlg_200_kw_heal,0x10007c1
u4_dlg_200_heal,0x10007c2
u4_dlg_200_kw_pott,0x10007c3
u4_dlg_200_pott,0x10007c4
u4_dlg_200_kw_soap,0x10007c5
u4_dlg_200_soap,0x10007c6
u4_dlg_201_name,0x10007c7
u4_dlg_201_look,0x10007c8
u4_dlg_201_kw_job,0x10007c9
u4_dlg_201_job,0x10007ca
u4_dlg_201_kw_heal,0x10007cb
u4_dlg_201_heal,0x10007cc
u4_dlg_201_kw_adve,0x10007cd
u4_dlg_201_adve,0x10007ce
u4_dlg_201_kw_ques,0x10007cf
u4_dlg_201_ques,0x10007d0
u4_dlg_202_name,0x10007d1
u4_dlg_202_look,0x10007d2
u4_dlg_202_kw_job,0x10007d3
u4_dlg_202_job,0x10007d4
u4_dlg_202_kw_heal,0x10007d5
u4_dlg_202_heal,0x10007d6
u4_dlg_202_kw_writ,0x10007d7
u4_dlg_202_writ,0x10007d8
u4_dlg_202_kw_smok,0x10007d9
u4_dlg_202_smok,0x10007da
u4_dlg_203_name,0x10007db
u4_dlg_203_look,0x10007dc
u4_dlg_203_kw_job,0x10007dd
u4_dlg_203_job,0x10007de
u4_dlg_203_kw_heal,0x10007df
u4_dlg_203_heal,0x10007e0
u4_dlg_203_kw_hone,0x10007e1
u4_dlg_203_hone,0x10007e2
u4_dlg_203_kw_mant,0x10007e3
u4_dlg_203_mant,0x10007e4
u4_dlg_204_name,0x10007e5
u4_dlg_204_look,0x10007e6
u4_dlg_204_kw_job,0x10007e7
u4_dlg_204_job,0x10007e8
u4_dlg_204_kw_heal,0x10007e9
u4_dlg_204_heal,0x10007ea
u4_dlg_204_kw_hone,0x10007eb
u4_dlg_204_hone,0x10007ec
u4_dlg_204_kw_evil,0x10007ed
u4_dlg_204_evil,0x10007ee
u4_dlg_205_name,0x10007ef
u4_dlg_205_look,0x10007f0
u4_dlg_205_kw_job,0x10007f1
u4_dlg_205_job,0x10007f2
u4_dlg_205_kw_heal,0x10007f3
u4_dlg_205_heal,0x10007f4
u4_dlg_205_kw_frie,0x10007f5
u4_dlg_205_frie,0x10007f6
u4_dlg_205_kw_hone,0x10007f7
u4_dlg_205_hone,0x10007f8
u4_dlg_206_name,0x10007f9
u4_dlg_206_look,0x10007fa
u4_dlg_206_kw_job,0x10007fb
u4_dlg_206_job,0x10007fc
u4_dlg_206_kw_heal,0x10007fd
u4_dlg_206_heal,0x10007fe
u4_dlg_206_kw_humb,0x10007ff
u4_dlg_206_humb,0x1000800
u4_dlg_206_kw_humi,0x1000801
u4_dlg_206_humi,0x1000802
u4_dlg_207_name,0x1000803
u4_dlg_207_look,0x1000804
u4_dlg_207_kw_job,0x1000805
u4_dlg_207_job,0x1000806
u4_dlg_207_kw_heal,0x1000807
u4_dlg_207_heal,0x1000808
u4_dlg_207_kw_nige,0x1000809
u4_dlg_207_nige,0x100080a
u4_dlg_207_kw_die,0x100080b
u4_dlg_207_die,0x100080c
u4_dlg_208_name,0x100080d
u4_dlg_208_look,0x100080e
u4_dlg_208_kw_job,0x100080f
u4_dlg_208_job,0x1000810
u4_dlg_208_kw_heal,0x1000811
u4_dlg_208_heal,0x1000812
u4_dlg_208_kw_hone,0x1000813
u4_dlg_208_hone,0x1000814
u4_dlg_208_kw_corr,0x1000815
u4_dlg_208_corr,0x1000816
u4_dlg_209_name,0x1000817
u4_dlg_209_look,0x1000818
u4_dlg_209_kw_job,0x1000819
u4_dlg_209_job,0x100081a
u4_dlg_209_kw_heal,0x100081b
u4_dlg_209_heal,0x100081c
u4_dlg_209_kw_hone,0x100081d
u4_dlg_209_hone,0x100081e
u4_dlg_209_kw_trut,0x100081f
u4_dlg_209_trut,0x1000820
u4_dlg_210_name,0x1000821
u4_dlg_210_look,0x1000822
u4_dlg_210_kw_job,0x1000823
u4_dlg_210_job,0x1000824
u4_dlg_210_kw_heal,0x1000825
u4_dlg_210_heal,0x1000826
u4_dlg_210_kw_alch,0x1000827
u4_dlg_210_alch,0x1000828
u4_dlg_210_kw_reag,0x1000829
u4_dlg_210_reag,0x100082a
u4_dlg_211_name,0x100082b
u4_dlg_211_look,0x100082c
u4_dlg_211_kw_job,0x100082e
u4_dlg_211_job,0x100082f
u4_dlg_211_kw_heal,0x1000830
u4_dlg_211_heal,0x1000831
u4_dlg_211_kw_sun,0x1000832
u4_dlg_211_sun,0x1000833
u4_dlg_211_kw_moon,0x1000834
u4_dlg_211_moon,0x1000835
u4_dlg_212_name,0x1000836
u4_dlg_212_look,0x1000837
u4_dlg_212_kw_job,0x1000838
u4_dlg_212_job,0x1000839
u4_dlg_212_kw_heal,0x100083a
u4_dlg_212_heal,0x100083b
u4_dlg_212_kw_palm,0x100083c
u4_dlg_212_palm,0x100083d
u4_dlg_212_kw_fort,0x100083e
u4_dlg_212_fort,0x100083f
u4_dlg_213_name,0x1000840
u4_dlg_213_look,0x1000841
u4_dlg_213_kw_job,0x1000842
u4_dlg_213_job,0x1000843
u4_dlg_213_kw_heal,0x1000844
u4_dlg_213_heal,0x1000845
u4_dlg_213_kw_inn,0x1000846
u4_dlg_213_inn,0x1000847
u4_dlg_213_kw_aid,0x1000848
u4_dlg_213_aid,0x1000849
u4_dlg_214_name,0x100084a
u4_dlg_214_look,0x100084b
u4_dlg_214_kw_job,0x100084c
u4_dlg_214_job,0x100084d
u4_dlg_214_kw_heal,0x100084e
u4_dlg_214_heal,0x100084f
u4_dlg_214_kw_hone,0x1000850
u4_dlg_214_hone,0x1000851
u4_dlg_214_kw_jest,0x1000852
u4_dlg_214_jest,0x1000853
u4_dlg_215_name,0x1000854
u4_dlg_215_look,0x1000855
u4_dlg_215_kw_job,0x1000856
u4_dlg_215_job,0x1000857
u4_dlg_215_kw_heal,0x1000858
u4_dlg_215_heal,0x1000859
u4_dlg_215_kw_sand,0x100085a
u4_dlg_215_sand,0x100085b
u4_dlg_215_kw_rune,0x100085c
u4_dlg_215_rune,0x100085d
u4_dlg_216_name,0x100085e
u4_dlg_216_look,0x100085f
u4_dlg_216_kw_job,0x1000860
u4_dlg_216_job,0x1000861
u4_dlg_216_kw_heal,0x1000862
u4_dlg_216_heal,0x1000863
u4_dlg_216_kw_ston,0x1000864
u4_dlg_216_ston,0x1000865
u4_dlg_216_kw_use,0x1000866
u4_dlg_216_use,0x1000867
u4_dlg_217_name,0x1000868
u4_dlg_217_look,0x1000869
u4_dlg_217_kw_job,0x100086b
u4_dlg_217_job,0x100086c
u4_dlg_217_kw_heal,0x100086d
u4_dlg_217_heal,0x100086e
u4_dlg_217_kw_gems,0x100086f
u4_dlg_217_gems,0x1000870
u4_dlg_217_kw_spec,0x1000871
u4_dlg_217_spec,0x1000872
u4_dlg_218_name,0x1000873
u4_dlg_218_look,0x1000874
u4_dlg_218_kw_job,0x1000875
u4_dlg_218_job,0x1000876
u4_dlg_218_kw_heal,0x1000877
u4_dlg_218_heal,0x1000878
u4_dlg_218_kw_ligh,0x1000879
u4_dlg_218_ligh,0x100087a
u4_dlg_218_kw_trut,0x100087b
u4_dlg_218_trut,0x100087c
u4_dlg_219_name,0x100087d
u4_dlg_219_look,0x100087e
u4_dlg_219_kw_job,0x100087f
u4_dlg_219_job,0x1000880
u4_dlg_219_kw_heal,0x1000881
u4_dlg_219_heal,0x1000882
u4_dlg_219_kw_spir,0x1000883
u4_dlg_219_spir,0x1000884
u4_dlg_219_kw_woun,0x1000885
u4_dlg_219_woun,0x1000886
u4_dlg_220_name,0x1000887
u4_dlg_220_look,0x1000888
u4_dlg_220_kw_job,0x1000889
u4_dlg_220_job,0x100088a
u4_dlg_220_kw_heal,0x100088b
u4_dlg_220_heal,0x100088c
u4_dlg_220_kw_ligh,0x100088d
u4_dlg_220_ligh,0x100088e
u4_dlg_220_kw_phil,0x100088f
u4_dlg_220_phil,0x1000890
u4_dlg_221_name,0x1000891
u4_dlg_221_look,0x1000892
u4_dlg_221_kw_job,0x1000893
u4_dlg_221_job,0x1000894
u4_dlg_221_kw_heal,0x1000895
u4_dlg_221_heal,0x1000896
u4_dlg_221_kw_spel,0x1000897
u4_dlg_221_spel,0x1000898
u4_dlg_221_kw_nigh,0x1000899
u4_dlg_221_nigh,0x100089a
u4_dlg_222_name,0x100089b
u4_dlg_222_look,0x100089c
u4_dlg_222_kw_job,0x100089e
u4_dlg_222_job,0x100089f
u4_dlg_222_kw_heal,0x10008a0
u4_dlg_222_heal,0x10008a1
u4_dlg_222_kw_food,0x10008a2
u4_dlg_222_food,0x10008a3
u4_dlg_222_kw_mone,0x10008a4
u4_dlg_222_mone,0x10008a5
u4_dlg_223_name,0x10008a6
u4_dlg_223_look,0x10008a7
u4_dlg_223_kw_job,0x10008a8
u4_dlg_223_job,0x10008a9
u4_dlg_223_kw_heal,0x10008aa
u4_dlg_223_heal,0x10008ab
u4_dlg_223_kw_jour,0x10008ac
u4_dlg_223_jour,0x10008ad
u4_dlg_223_kw_ston,0x10008ae
u4_dlg_223_ston,0x10008af
u4_dlg_224_name,0x10008b0
u4_dlg_224_look,0x10008b1
u4_dlg_224_kw_job,0x10008b2
u4_dlg_224_job,0x10008b3
u4_dlg_224_kw_heal,0x10008b4
u4_dlg_224_heal,0x10008b5
u4_dlg_224_kw_teac,0x10008b6
u4_dlg_224_teac,0x10008b7
u4_dlg_224_kw_nobl,0x10008b8
u4_dlg_224_nobl,0x10008b9
u4_dlg_225_name,0x10008ba
u4_dlg_225_look,0x10008bb
u4_dlg_225_kw_job,0x10008bc
u4_dlg_225_job,0x10008bd
u4_dlg_225_kw_heal,0x10008be
u4_dlg_225_heal,0x10008bf
u4_dlg_225_kw_path,0x10008c0
u4_dlg_225_path,0x10008c1
u4_dlg_225_kw_jour,0x10008c2
u4_dlg_225_jour,0x10008c3
u4_dlg_226_name,0x10008c4
u4_dlg_226_look,0x10008c5
u4_dlg_226_kw_job,0x10008c6
u4_dlg_226_job,0x10008c7
u4_dlg_226_kw_heal,0x10008c8
u4_dlg_226_heal,0x10008c9
u4_dlg_226_kw_teac,0x10008ca
u4_dlg_226_teac,0x10008cb
u4_dlg_226_kw_word,0x10008cc
u4_dlg_226_word,0x10008cd
u4_dlg_227_name,0x10008ce
u4_dlg_227_look,0x10008cf
u4_dlg_227_kw_job,0x10008d0
u4_dlg_227_job,0x10008d1
u4_dlg_227_kw_heal,0x10008d2
u4_dlg_227_heal,0x10008d3
u4_dlg_227_kw_magi,0x10008d4
u4_dlg_227_magi,0x10008d5
u4_dlg_227_kw_beli,0x10008d6
u4_dlg_227_beli,0x10008d7
u4_dlg_228_name,0x10008d8
u4_dlg_228_look,0x10008d9
u4_dlg_228_kw_job,0x10008da
u4_dlg_228_job,0x10008db
u4_dlg_228_kw_heal,0x10008dc
u4_dlg_228_heal,0x10008dd
u4_dlg_228_kw_stor,0x10008de
u4_dlg_228_stor,0x10008df
u4_dlg_228_kw_spir,0x10008e0
u4_dlg_228_spir,0x10008e1
u4_dlg_229_name,0x10008e2
u4_dlg_229_look,0x10008e3
u4_dlg_229_kw_job,0x10008e4
u4_dlg_229_job,0x10008e5
u4_dlg_229_kw_heal,0x10008e6
u4_dlg_229_heal,0x10008e7
u4_dlg_229_kw_ques,0x10008e8
u4_dlg_229_ques,0x10008e9
u4_dlg_230_name,0x10008ea
u4_dlg_230_look,0x10008eb
u4_dlg_230_kw_job,0x10008ec
u4_dlg_230_job,0x10008ed
u4_dlg_230_kw_heal,0x10008ee
u4_dlg_230_heal,0x10008ef
u4_dlg_230_kw_rune,0x10008f0
u4_dlg_230_rune,0x10008f1
u4_dlg_230_kw_om,0x10008f2
u4_dlg_230_om,0x10008f3
u4_dlg_231_name,0x10008f4
u4_dlg_231_look,0x10008f5
u4_dlg_231_kw_job,0x10008f7
u4_dlg_231_job,0x10008f8
u4_dlg_231_kw_heal,0x10008f9
u4_dlg_231_heal,0x10008fa
u4_dlg_231_kw_beg,0x10008fb
u4_dlg_231_beg,0x10008fc
u4_dlg_231_kw_mant,0x10008fd
u4_dlg_231_mant,0x10008fe
u4_dlg_232_name,0x10008ff
u4_dlg_232_look,0x1000900
u4_dlg_232_kw_job,0x1000901
u4_dlg_232_job,0x1000902
u4_dlg_232_kw_heal,0x1000903
u4_dlg_232_heal,0x1000904
u4_dlg_232_kw_mant,0x1000905
u4_dlg_232_mant,0x1000906
u4_dlg_233_name,0x1000907
u4_dlg_233_look,0x1000908
u4_dlg_233_kw_job,0x1000909
u4_dlg_233_job,0x100090a
u4_dlg_233_kw_heal,0x100090b
u4_dlg_233_heal,0x100090c
u4_dlg_233_kw_haun,0x100090d
u4_dlg_233_haun,0x100090e
u4_dlg_233_kw_ston,0x100090f
u4_dlg_233_ston,0x1000910
u4_dlg_234_name,0x1000911
u4_dlg_234_look,0x1000912
u4_dlg_234_kw_job,0x1000914
u4_dlg_234_job,0x1000915
u4_dlg_234_kw_heal,0x1000916
u4_dlg_234_heal,0x1000917
u4_dlg_234_kw_spir,0x1000918
u4_dlg_234_spir,0x1000919
u4_dlg_235_name,0x100091a
u4_dlg_235_look,0x100091b
u4_dlg_235_kw_job,0x100091c
u4_dlg_235_job,0x100091d
u4_dlg_235_kw_heal,0x100091e
u4_dlg_235_heal,0x100091f
u4_dlg_235_kw_lead,0x1000920
u4_dlg_235_lead,0x1000921
u4_dlg_235_kw_hono,0x1000922
u4_dlg_235_hono,0x1000923
u4_dlg_236_name,0x1000924
u4_dlg_236_look,0x1000925
u4_dlg_236_kw_job,0x1000926
u4_dlg_236_job,0x1000927
u4_dlg_236_kw_heal,0x1000928
u4_dlg_236_heal,0x1000929
u4_dlg_236_kw_fiel,0x100092a
u4_dlg_236_fiel,0x100092b
u4_dlg_236_kw_nigh,0x100092c
u4_dlg_236_nigh,0x100092d
u4_dlg_237_name,0x100092e
u4_dlg_237_look,0x100092f
u4_dlg_237_kw_job,0x1000930
u4_dlg_237_job,0x1000931
u4_dlg_237_kw_heal,0x1000932
u4_dlg_237_heal,0x1000933
u4_dlg_237_kw_hono,0x1000934
u4_dlg_237_hono,0x1000935
u4_dlg_237_kw_noth,0x1000936
u4_dlg_237_noth,0x1000937
u4_dlg_238_name,0x1000938
u4_dlg_238_look,0x1000939
u4_dlg_238_kw_job,0x100093a
u4_dlg_238_job,0x100093b
u4_dlg_238_kw_heal,0x100093c
u4_dlg_238_heal,0x100093d
u4_dlg_238_kw_dung,0x100093e
u4_dlg_238_dung,0x100093f
u4_dlg_238_kw_ston,0x1000940
u4_dlg_238_ston,0x1000941
u4_dlg_239_name,0x1000942
u4_dlg_239_look,0x1000943
u4_dlg_239_kw_job,0x1000944
u4_dlg_239_job,0x1000945
u4_dlg_239_kw_heal,0x1000946
u4_dlg_239_heal,0x1000947
u4_dlg_239_kw_seas,0x1000948
u4_dlg_239_seas,0x1000949
u4_dlg_239_kw_sext,0x100094a
u4_dlg_239_sext,0x100094b
u4_dlg_240_name,0x100094c
u4_dlg_240_look,0x100094d
u4_dlg_240_kw_job,0x100094e
u4_dlg_240_job,0x100094f
u4_dlg_240_kw_heal,0x1000950
u4_dlg_240_heal,0x1000951
u4_dlg_240_kw_hono,0x1000952
u4_dlg_240_hono,0x1000953
u4_dlg_240_kw_dign,0x1000954
u4_dlg_240_dign,0x1000955
u4_dlg_241_name,0x1000956
u4_dlg_241_look,0x1000957
u4_dlg_241_kw_job,0x1000958
u4_dlg_241_job,0x1000959
u4_dlg_241_kw_heal,0x100095a
u4_dlg_241_heal,0x100095b
u4_dlg_241_kw_bull,0x100095c
u4_dlg_241_bull,0x100095d
u4_dlg_241_kw_gran,0x100095e
u4_dlg_241_gran,0x100095f
u4_dlg_242_name,0x1000960
u4_dlg_242_look,0x1000961
u4_dlg_242_kw_job,0x1000962
u4_dlg_242_job,0x1000963
u4_dlg_242_kw_heal,0x1000964
u4_dlg_242_heal,0x1000965
u4_dlg_242_kw_welc,0x1000966
u4_dlg_242_welc,0x1000967
u4_dlg_242_kw_hono,0x1000968
u4_dlg_242_hono,0x1000969
u4_dlg_243_name,0x100096a
u4_dlg_243_look,0x100096b
u4_dlg_243_kw_job,0x100096c
u4_dlg_243_job,0x100096d
u4_dlg_243_kw_heal,0x100096e
u4_dlg_243_heal,0x100096f
u4_dlg_243_kw_rumo,0x1000970
u4_dlg_243_rumo,0x1000971
u4_dlg_243_kw_gran,0x1000972
u4_dlg_243_gran,0x1000973
u4_dlg_244_name,0x1000974
u4_dlg_244_look,0x1000975
u4_dlg_244_kw_job,0x1000976
u4_dlg_244_job,0x1000977
u4_dlg_244_kw_heal,0x1000978
u4_dlg_244_heal,0x1000979
u4_dlg_244_kw_spel,0x100097a
u4_dlg_244_spel,0x100097b
u4_dlg_244_kw_mand,0x100097c
u4_dlg_244_mand,0x100097d
u4_dlg_245_name,0x100097e
u4_dlg_245_look,0x100097f
u4_dlg_245_kw_job,0x1000980
u4_dlg_245_job,0x1000981
u4_dlg_245_kw_heal,0x1000982
u4_dlg_245_heal,0x1000983
u4_dlg_245_kw_mant,0x1000984
u4_dlg_245_mant,0x1000985
u4_dlg_245_kw_rune,0x1000986
u4_dlg_245_rune,0x1000987
u4_dlg_246_name,0x1000988
u4_dlg_246_look,0x1000989
u4_dlg_246_kw_job,0x100098a
u4_dlg_246_job,0x100098b
u4_dlg_246_kw_heal,0x100098c
u4_dlg_246_heal,0x100098d
u4_dlg_246_kw_warl,0x100098e
u4_dlg_246_warl,0x100098f
u4_dlg_246_kw_ques,0x1000990
u4_dlg_246_ques,0x1000991
u4_dlg_247_name,0x1000992
u4_dlg_247_look,0x1000993
u4_dlg_247_kw_job,0x1000994
u4_dlg_247_job,0x1000995
u4_dlg_247_kw_heal,0x1000996
u4_dlg_247_heal,0x1000997
u4_dlg_247_kw_rest,0x1000998
u4_dlg_247_rest,0x1000999
u4_dlg_247_kw_ques,0x100099a
u4_dlg_247_ques,0x100099b
u4_dlg_248_name,0x100099c
u4_dlg_248_look,0x100099d
u4_dlg_248_kw_job,0x100099e
u4_dlg_248_job,0x100099f
u4_dlg_248_kw_heal,0x10009a0
u4_dlg_248_heal,0x10009a1
u4_dlg_248_kw_gate,0x10009a2
u4_dlg_248_gate,0x10009a3
u4_dlg_248_kw_guar,0x10009a4
u4_dlg_248_guar,0x10009a5
u4_dlg_249_name,0x10009a6
u4_dlg_249_look,0x10009a7
u4_dlg_249_kw_job,0x10009a8
u4_dlg_249_job,0x10009a9
u4_dlg_249_kw_heal,0x10009aa
u4_dlg_249_heal,0x10009ab
u4_dlg_249_kw_skel,0x10009ac
u4_dlg_249_skel,0x10009ad
u4_dlg_249_kw_secr,0x10009ae
u4_dlg_249_secr,0x10009af
u4_dlg_250_name,0x10009b0
u4_dlg_250_look,0x10009b1
u4_dlg_250_kw_job,0x10009b3
u4_dlg_250_job,0x10009b4
u4_dlg_250_kw_heal,0x10009b5
u4_dlg_250_heal,0x10009b6
u4_dlg_250_kw_guar,0x10009b7
u4_dlg_250_guar,0x10009b8
u4_dlg_250_kw_stro,0x10009b9
u4_dlg_250_stro,0x10009ba
u4_dlg_251_name,0x10009bb
u4_dlg_251_look,0x10009bc
u4_dlg_251_kw_job,0x10009be
u4_dlg_251_job,0x10009bf
u4_dlg_251_kw_heal,0x10009c0
u4_dlg_251_heal,0x10009c1
u4_dlg_251_kw_stat,0x10009c2
u4_dlg_251_stat,0x10009c3
u4_dlg_251_kw_scul,0x10009c4
u4_dlg_251_scul,0x10009c5
u4_dlg_252_name,0x10009c6
u4_dlg_252_look,0x10009c7
u4_dlg_252_kw_job,0x10009c8
u4_dlg_252_job,0x10009c9
u4_dlg_252_kw_heal,0x10009ca
u4_dlg_252_heal,0x10009cb
u4_dlg_252_kw_just,0x10009cc
u4_dlg_252_just,0x10009cd
u4_dlg_252_kw_unde,0x10009ce
u4_dlg_252_unde,0x10009cf
u4_dlg_253_name,0x10009d0
u4_dlg_253_look,0x10009d1
u4_dlg_253_kw_job,0x10009d2
u4_dlg_253_job,0x10009d3
u4_dlg_253_kw_heal,0x10009d4
u4_dlg_253_heal,0x10009d5
u4_dlg_253_kw_just,0x10009d6
u4_dlg_253_just,0x10009d7
u4_dlg_253_kw_cour,0x10009d8
u4_dlg_253_cour,0x10009d9
u4_dlg_254_name,0x10009da
u4_dlg_254_look,0x10009db
u4_dlg_254_kw_job,0x10009dc
u4_dlg_254_job,0x10009dd
u4_dlg_254_kw_heal,0x10009de
u4_dlg_254_heal,0x10009df
u4_dlg_254_kw_misd,0x10009e0
u4_dlg_254_misd,0x10009e1
u4_dlg_254_kw_felo,0x10009e2
u4_dlg_254_felo,0x10009e3
u4_dlg_255_name,0x10009e4
u4_dlg_255_look,0x10009e5
u4_dlg_255_kw_job,0x10009e6
u4_dlg_255_job,0x10009e7
u4_dlg_255_kw_heal,0x10009e8
u4_dlg_255_heal,0x10009e9
u4_dlg_255_kw_spel,0x10009ea
u4_dlg_255_spel,0x10009eb
u4_dlg_255_kw_mand,0x10009ec
u4_dlg_255_mand,0x10009ed
u4_dlg_256_name,0x10009ee
u4_dlg_256_look,0x10009ef
u4_dlg_256_kw_job,0x10009f0
u4_dlg_256_job,0x10009f1
u4_dlg_256_kw_heal,0x10009f2
u4_dlg_256_heal,0x10009f3
u4_dlg_256_kw_just,0x10009f4
u4_dlg_256_just,0x10009f5
u4_dlg_256_kw_scal,0x10009f6
u4_dlg_256_scal,0x10009f7
u4_dlg_257_name,0x10009f8
u4_dlg_257_look,0x10009f9
u4_dlg_257_kw_job,0x10009fa
u4_dlg_257_job,0x10009fb
u4_dlg_257_kw_heal,0x10009fc
u4_dlg_257_heal,0x10009fd
u4_dlg_257_kw_just,0x10009fe
u4_dlg_257_just,0x10009ff
u4_dlg_257_kw_fabr,0x1000a00
u4_dlg_257_fabr,0x1000a01
u4_dlg_258_name,0x1000a02
u4_dlg_258_look,0x1000a03
u4_dlg_258_kw_job,0x1000a04
u4_dlg_258_job,0x1000a05
u4_dlg_258_kw_heal,0x1000a06
u4_dlg_258_heal,0x1000a07
u4_dlg_258_kw_beh.,0x1000a08
u4_dlg_258_beh.,0x1000a09
u4_dlg_258_kw_beh,0x1000a0a
u4_dlg_258_beh,0x1000a0b
u4_dlg_259_name,0x1000a0c
u4_dlg_259_look,0x1000a0d
u4_dlg_259_kw_job,0x1000a0e
u4_dlg_259_job,0x1000a0f
u4_dlg_259_kw_heal,0x1000a10
u4_dlg_259_heal,0x1000a11
u4_dlg_259_kw_just,0x1000a12
u4_dlg_259_just,0x1000a13
u4_dlg_259_kw_yew,0x1000a14
u4_dlg_259_yew,0x1000a15
u4_dlg_260_name,0x1000a16
u4_dlg_260_look,0x1000a17
u4_dlg_260_kw_job,0x1000a18
u4_dlg_260_job,0x1000a19
u4_dlg_260_kw_heal,0x1000a1a
u4_dlg_260_heal,0x1000a1b
u4_dlg_260_kw_sinn,0x1000a1c
u4_dlg_260_sinn,0x1000a1d
u4_dlg_260_kw_felo,0x1000a1e
u4_dlg_260_felo,0x1000a1f
u4_dlg_261_name,0x1000a20
u4_dlg_261_look,0x1000a21
u4_dlg_261_kw_job,0x1000a23
u4_dlg_261_job,0x1000a24
u4_dlg_261_kw_heal,0x1000a25
u4_dlg_261_heal,0x1000a26
u4_dlg_261_kw_vill,0x1000a27
u4_dlg_261_vill,0x1000a28
u4_dlg_261_kw_peop,0x1000a29
u4_dlg_261_peop,0x1000a2a
u4_dlg_262_name,0x1000a2b
u4_dlg_262_look,0x1000a2c
u4_dlg_262_kw_job,0x1000a2d
u4_dlg_262_job,0x1000a2e
u4_dlg_262_kw_heal,0x1000a2f
u4_dlg_262_heal,0x1000a30
u4_dlg_262_kw_home,0x1000a31
u4_dlg_262_home,0x1000a32
u4_dlg_262_kw_rang,0x1000a33
u4_dlg_262_rang,0x1000a34
u4_dlg_263_name,0x1000a35
u4_dlg_263_look,0x1000a36
u4_dlg_263_kw_job,0x1000a37
u4_dlg_263_job,0x1000a38
u4_dlg_263_kw_heal,0x1000a39
u4_dlg_263_heal,0x1000a3a
u4_dlg_263_kw_jone,0x1000a3b
u4_dlg_263_jone,0x1000a3c
u4_dlg_263_kw_ques,0x1000a3d
u4_dlg_263_ques,0x1000a3e
u4_dlg_264_name,0x1000a3f
u4_dlg_264_look,0x1000a40
u4_dlg_264_kw_job,0x1000a41
u4_dlg_264_job,0x1000a42
u4_dlg_264_kw_heal,0x1000a43
u4_dlg_264_heal,0x1000a44
u4_dlg_264_kw_baby,0x1000a45
u4_dlg_264_baby,0x1000a46
u4_dlg_265_name,0x1000a47
u4_dlg_265_look,0x1000a48
u4_dlg_265_kw_job,0x1000a49
u4_dlg_265_job,0x1000a4a
u4_dlg_265_kw_heal,0x1000a4b
u4_dlg_265_heal,0x1000a4c
u4_dlg_265_kw_coun,0x1000a4d
u4_dlg_265_coun,0x1000a4e
u4_dlg_265_kw_just,0x1000a4f
u4_dlg_265_just,0x1000a50
u4_dlg_266_name,0x1000a51
u4_dlg_266_look,0x1000a52
u4_dlg_266_kw_job,0x1000a53
u4_dlg_266_job,0x1000a54
u4_dlg_266_kw_heal,0x1000a55
u4_dlg_266_heal,0x1000a56
u4_dlg_266_kw_peac,0x1000a57
u4_dlg_266_peac,0x1000a58
u4_dlg_266_kw_just,0x1000a59
u4_dlg_266_just,0x1000a5a
u4_dlg_267_name,0x1000a5b
u4_dlg_267_look,0x1000a5c
u4_dlg_267_kw_job,0x1000a5d
u4_dlg_267_job,0x1000a5e
u4_dlg_267_kw_heal,0x1000a5f
u4_dlg_267_heal,0x1000a60
u4_dlg_267_kw_just,0x1000a61
u4_dlg_267_just,0x1000a62
u4_dlg_267_kw_shri,0x1000a63
u4_dlg_267_shri,0x1000a64
u4_dlg_268_name,0x1000a65
u4_dlg_268_look,0x1000a66
u4_dlg_268_kw_job,0x1000a68
u4_dlg_268_job,0x1000a69
u4_dlg_268_kw_heal,0x1000a6a
u4_dlg_268_heal,0x1000a6b
u4_dlg_268_kw_vict,0x1000a6c
u4_dlg_268_vict,0x1000a6d
u4_dlg_268_kw_weap,0x1000a6e
u4_dlg_268_weap,0x1000a6f
u4_dlg_269_name,0x1000a70
u4_dlg_269_look,0x1000a71
u4_dlg_269_kw_job,0x1000a72
u4_dlg_269_job,0x1000a73
u4_dlg_269_kw_heal,0x1000a74
u4_dlg_269_heal,0x1000a75
u4_dlg_269_kw_cong,0x1000a76
u4_dlg_269_cong,0x1000a77
u4_dlg_269_kw_scal,0x1000a78
u4_dlg_269_scal,0x1000a79
u4_dlg_270_name,0x1000a7a
u4_dlg_270_look,0x1000a7b
u4_dlg_270_kw_job,0x1000a7c
u4_dlg_270_job,0x1000a7d
u4_dlg_270_kw_heal,0x1000a7e
u4_dlg_270_heal,0x1000a7f
u4_dlg_270_kw_expl,0x1000a80
u4_dlg_270_expl,0x1000a81
u4_dlg_270_kw_ivor,0x1000a82
u4_dlg_270_ivor,0x1000a83
u4_dlg_271_name,0x1000a84
u4_dlg_271_look,0x1000a85
u4_dlg_271_kw_job,0x1000a86
u4_dlg_271_job,0x1000a87
u4_dlg_271_kw_heal,0x1000a88
u4_dlg_271_heal,0x1000a89
u4_dlg_271_kw_welc,0x1000a8a
u4_dlg_271_welc,0x1000a8b
u4_dlg_271_kw_laby,0x1000a8c
u4_dlg_271_laby,0x1000a8d
u4_dlg_272_name,0x1000a8e
u4_dlg_272_look,0x1000a8f
u4_dlg_272_kw_job,0x1000a90
u4_dlg_272_job,0x1000a91
u4_dlg_272_kw_heal,0x1000a92
u4_dlg_272_heal,0x1000a93
u4_dlg_272_kw_fool,0x1000a94
u4_dlg_272_fool,0x1000a95
u4_dlg_272_kw_solu,0x1000a96
u4_dlg_272_solu,0x1000a97
u4_dlg_273_name,0x1000a98
u4_dlg_273_look,0x1000a99
u4_dlg_273_kw_job,0x1000a9a
u4_dlg_273_job,0x1000a9b
u4_dlg_273_kw_heal,0x1000a9c
u4_dlg_273_heal,0x1000a9d
u4_dlg_273_kw_map,0x1000a9e
u4_dlg_273_map,0x1000a9f
u4_dlg_273_kw_end,0x1000aa0
u4_dlg_273_end,0x1000aa1
u4_dlg_274_name,0x1000aa2
u4_dlg_274_look,0x1000aa3
u4_dlg_274_kw_job,0x1000aa4
u4_dlg_274_job,0x1000aa5
u4_dlg_274_kw_heal,0x1000aa6
u4_dlg_274_heal,0x1000aa7
u4_dlg_274_kw_lost,0x1000aa8
u4_dlg_274_lost,0x1000aa9
u4_dlg_274_kw_star,0x1000aaa
u4_dlg_274_star,0x1000aab
u4_carve_0_1,0x1000aac
u4_carve_0_2,0x1000aad
u4_carve_1_1,0x1000aae
u4_carve_1_2,0x1000aaf
u4_carve_2_1,0x1000ab0
u4_carve_2_2,0x1000ab1
u4_carve_3_1,0x1000ab2
u4_carve_3_2,0x1000ab3
u4_carve_4_1,0x1000ab4
u4_carve_4_2,0x1000ab5
u4_carve_5_1,0x1000ab6
u4_carve_5_2,0x1000ab7
u4_carve_6_1,0x1000ab8
u4_carve_6_2,0x1000ab9
u4_carve_7_1,0x1000aba
u4_carve_7_2,0x1000abb
u4_symbol_0,0x1000abc
u4_symbol_1,0x1000abd
u4_symbol_2,0x1000abe
u4_symbol_3,0x1000abf
u4_symbol_4,0x1000ac0
u4_symbol_5,0x1000ac1
u4_symbol_6,0x1000ac2
u4_symbol_7,0x1000ac3
u4_seer_virtue_0_1,0x1000bb8
u4_seer_virtue_0_2,0x1000bb9
u4_seer_virtue_0_3,0x1000bba
u4_seer_virtue_0_4,0x1000bbb
u4_seer_virtue_0_5,0x1000bbc
u4_seer_virtue_1_1,0x1000bbd
u4_seer_virtue_1_2,0x1000bbe
u4_seer_virtue_1_3,0x1000bbf
u4_seer_virtue_1_4,0x1000bc0
u4_seer_virtue_1_5,0x1000bc1
u4_seer_virtue_2_1,0x1000bc2
u4_seer_virtue_2_2,0x1000bc3
u4_seer_virtue_2_3,0x1000bc4
u4_seer_virtue_2_4,0x1000bc5
u4_seer_virtue_2_5,0x1000bc6
u4_seer_virtue_3_1,0x1000bc7
u4_seer_virtue_3_2,0x1000bc8
u4_seer_virtue_3_3,0x1000bc9
u4_seer_virtue_3_4,0x1000bca
u4_seer_virtue_3_5,0x1000bcb
u4_seer_virtue_4_1,0x1000bcc
u4_seer_virtue_4_2,0x1000bcd
u4_seer_virtue_4_3,0x1000bce
u4_seer_virtue_4_4,0x1000bcf
u4_seer_virtue_4_5,0x1000bd0
u4_seer_virtue_5_1,0x1000bd1
u4_seer_virtue_5_2,0x1000bd2
u4_seer_virtue_5_3,0x1000bd3
u4_seer_virtue_5_4,0x1000bd4
u4_seer_virtue_5_5,0x1000bd5
u4_seer_virtue_6_1,0x1000bd6
u4_seer_virtue_6_2,0x1000bd7
u4_seer_virtue_6_3,0x1000bd8
u4_seer_virtue_6_4,0x1000bd9
u4_seer_virtue_6_5,0x1000bda
u4_seer_virtue_7_1,0x1000bdb
u4_seer_virtue_7_2,0x1000bdc
u4_seer_virtue_7_3,0x1000bdd
u4_seer_virtue_7_4,0x1000bde
u4_seer_virtue_7_5,0x1000bdf
u4_dlg_0_name,0x1000c1c
u4_dlg_0_look,0x1000c1d
u4_dlg_0_kw_job,0x1000c1e
u4_dlg_0_job,0x1000c1f
u4_dlg_0_kw_heal,0x1000c20
u4_dlg_0_heal,0x1000c21
u4_dlg_0_kw_help,0x1000c22
u4_dlg_0_help1,0x1000c23
u4_dlg_0_help2,0x1000c24
u4_dlg_0_help3,0x1000c25
u4_dlg_0_help4,0x1000c26
u4_dlg_0_help5,0x1000c27
u4_dlg_0_help6,0x1000c28
u4_dlg_0_help7,0x1000c29
u4_dlg_0_help8,0x1000c2a
u4_dlg_0_help9,0x1000c2b
u4_dlg_0_kw_trut,0x1000c2c
u4_dlg_0_trut,0x1000c2d
u4_dlg_0_kw_love,0x1000c2e
u4_dlg_0_love,0x1000c2f
u4_dlg_0_kw_cour,0x1000c30
u4_dlg_0_cour,0x1000c31
u4_dlg_0_kw_hone,0x1000c32
u4_dlg_0_hone,0x1000c33
u4_dlg_0_kw_comp,0x1000c34
u4_dlg_0_comp,0x1000c35
u4_dlg_0_kw_valo,0x1000c36
u4_dlg_0_valo,0x1000c37
u4_dlg_0_kw_just,0x1000c38
u4_dlg_0_just,0x1000c39
u4_dlg_0_kw_sacr,0x1000c3a
u4_dlg_0_sacr,0x1000c3b
u4_dlg_0_kw_hono,0x1000c3c
u4_dlg_0_hono,0x1000c3d
u4_dlg_0_kw_spir,0x1000c3e
u4_dlg_0_spir,0x1000c3f
u4_dlg_0_kw_humi,0x1000c40
u4_dlg_0_humi,0x1000c41
u4_dlg_0_kw_prid,0x1000c42
u4_dlg_0_prid,0x1000c43
u4_dlg_0_kw_mond,0x1000c44
u4_dlg_0_mond,0x1000c45
u4_dlg_0_kw_mina,0x1000c46
u4_dlg_0_mina,0x1000c47
u4_dlg_0_kw_exod,0x1000c48
u4_dlg_0_exod,0x1000c49
u4_dlg_0_kw_avat,0x1000c4a
u4_dlg_0_avat,0x1000c4b
u4_dlg_0_kw_ques,0x1000c4c
u4_dlg_0_ques,0x1000c4d
u4_dlg_0_kw_brit,0x1000c4e
u4_dlg_0_brit,0x1000c4f
u4_dlg_0_kw_ankh,0x1000c50
u4_dlg_0_ankh,0x1000c51
u4_dlg_0_kw_abys,0x1000c52
u4_dlg_0_abys,0x1000c53
u4_dlg_0_kw_virt,0x1000c54
u4_dlg_0_virt,0x1000c55
u4_merchant_tavern_britain_keyword,0x1001388
u4_merchant_tavern_britain_clue,0x1001389
u4_merchant_tavern_jhelom_keyword,0x100138a
u4_merchant_tavern_jhelom_clue,0x100138b
u4_merchant_tavern_trinsic_keyword,0x100138c
u4_merchant_tavern_trinsic_clue,0x100138d
u4_merchant_tavern_buccaneers_den_keyword,0x100138e
u4_merchant_tavern_buccaneers_den_clue,0x100138f
u4_merchant_tavern_paws_keyword,0x1001390
u4_merchant_tavern_paws_clue,0x1001391
u4_merchant_tavern_vesper_keyword,0x1001392
u4_merchant_tavern_vesper_clue,0x1001393
u4_shrine_vision_0_1,0x1001394
u4_shrine_vision_0_2,0x1001395
u4_shrine_vision_0_3,0x1001396
u4_shrine_vision_1_1,0x1001397
u4_shrine_vision_1_2,0x1001398
u4_shrine_vision_1_3,0x1001399
u4_shrine_vision_2_1,0x100139a
u4_shrine_vision_2_2,0x100139b
u4_shrine_vision_2_3,0x100139c
u4_shrine_vision_3_1,0x100139d
u4_shrine_vision_3_2,0x100139e
u4_shrine_vision_3_3,0x100139f
u4_shrine_vision_4_1,0x10013a0
u4_shrine_vision_4_2,0x10013a1
u4_shrine_vision_4_3,0x10013a2
u4_shrine_vision_5_1,0x10013a3
u4_shrine_vision_5_2,0x10013a4
u4_shrine_vision_5_3,0x10013a5
u4_shrine_vision_6_1,0x10013a6
u4_shrine_vision_6_2,0x10013a7
u4_shrine_vision_6_3,0x10013a8
u4_shrine_vision_7_1,0x10013a9
u4_shrine_vision_7_2,0x10013aa
u4_shrine_vision_7_3,0x10013ab
_chat_recipient_not_found,0x10013ac
_chat_player_you_tell,0x10013ad
u4_codex_endgame1,0x10013ae
u4_codex_endgame2,0x10013af
u4_codex_endgame3,0x10013b0
u4_codex_endgame4,0x10013b1
u4_codex_endgame5,0x10013b2
u4_codex_endgame6,0x10013b3
u4_codex_endgame7,0x10013b4
u4_codex_endgame8,0x10013b5
u4_codex_endgame9,0x10013b6
u4_codex_endgame10,0x10013b7
u4_codex_wordofpassage,0x10013b8
u4_codex_axiom,0x10013bc
_chat_player_tells_you,0x10013bd
u3_dlg_8,0x10013be
u3_dlg_1,0x10013bf
u3_dlg_2,0x10013c0
u3_dlg_3,0x10013c1
u3_dlg_4,0x10013c2
u3_dlg_5,0x10013c3
u3_dlg_6,0x10013c4
u3_dlg_7,0x10013c5
u3_dlg_9,0x10013c6
u3_dlg_10,0x10013c7
u3_dlg_11,0x10013c8
u3_dlg_12,0x10013c9
u3_dlg_13,0x10013ca
u3_dlg_14,0x10013cb
u3_dlg_15,0x10013cc
u3_dlg_16,0x10013cd
u3_dlg_17,0x10013ce
u3_dlg_18,0x10013cf
u3_dlg_19,0x10013d0
u3_dlg_20,0x10013d1
u3_dlg_21,0x10013d2
u3_dlg_22,0x10013d3
u3_dlg_23,0x10013d4
u3_dlg_24,0x10013d5
u3_dlg_25,0x10013d6
u3_dlg_26,0x10013d7
u3_dlg_27,0x10013d8
u3_dlg_28,0x10013d9
u3_dlg_29,0x10013da
u3_dlg_30,0x10013db
u3_dlg_31,0x10013dc
u3_dlg_32,0x10013dd
u3_dlg_33,0x10013de
u3_dlg_34,0x10013df
u3_dlg_35,0x10013e0
u3_dlg_36,0x10013e1
u3_dlg_37,0x10013e2
u3_dlg_38,0x10013e3
u3_dlg_39,0x10013e4
u3_dlg_40,0x10013e5
u3_dlg_41,0x10013e6
u3_dlg_42,0x10013e7
u3_dlg_43,0x10013e8
u3_dlg_44,0x10013e9
u3_dlg_45,0x10013ea
u3_dlg_46,0x10013eb
u3_dlg_47,0x10013ec
u3_dlg_48,0x10013ed
u3_dlg_49,0x10013ee
u3_dlg_50,0x10013ef
u3_dlg_51,0x10013f0
u3_dlg_52,0x10013f1
u3_dlg_53,0x10013f2
u3_dlg_54,0x10013f3
u3_dlg_55,0x10013f4
u3_dlg_56,0x10013f5
u3_dlg_57,0x10013f6
u3_dlg_58,0x10013f7
u3_dlg_59,0x10013f8
u3_dlg_60,0x10013f9
u3_dlg_61,0x10013fa
u3_dlg_62,0x10013fb
u3_dlg_63,0x10013fc
u3_dlg_64,0x10013fd
u3_dlg_65,0x10013fe
u3_dlg_66,0x10013ff
u3_dlg_67,0x1001400
u3_dlg_68,0x1001401
u3_dlg_69,0x1001402
u3_dlg_70,0x1001403
u3_dlg_71,0x1001404
u3_dlg_72,0x1001405
u3_dlg_73,0x1001406
u3_dlg_74,0x1001407
u3_dlg_75,0x1001408
u3_dlg_76,0x1001409
u3_dlg_77,0x100140a
u3_sign_0,0x100140b
u3_sign_1,0x100140c
u3_sign_2,0x100140d
u3_sign_3,0x100140e
u3_sign_4,0x100140f
u3_sign_5,0x1001410
u3_sign_6,0x1001411
u3_sign_7,0x1001412
u3_sign_8,0x1001413
u3_sign_9,0x1001414
u3_sign_10,0x1001415
u3_sign_11,0x1001416
u3_sign_12,0x1001417
u3_sign_13,0x1001418
u3_sign_14,0x1001419
u3_sign_15,0x100141a
u3_sign_16,0x100141b
u3_sign_17,0x100141c
u3_sign_18,0x100141d
u3_sign_19,0x100141e
u3_sign_20,0x100141f
u3_sign_21,0x1001420
u3_sign_22,0x1001421
u3_sign_23,0x1001422
u3_sign_24,0x1001423
u3_sign_25,0x1001424
u3_sign_26,0x1001425
u3_sign_27,0x1001426
u3_sign_28,0x1001427
u3_sign_29,0x1001428
u3_sign_30,0x1001429
u3_sign_31,0x100142a
u3_sign_32,0x100142b
u3_sign_33,0x100142c
u3_sign_34,0x100142d
u3_sign_35,0x100142e
u3_sign_36,0x100142f
u3_sign_37,0x1001430
u3_sign_38,0x1001431
u3_sign_39,0x1001432
u3_sign_40,0x1001433
u3_sign_41,0x1001434
u3_sign_42,0x1001435
u3_sign_44,0x1001436
u3_sign_45,0x1001437
u3_sign_46,0x1001438
u3_sign_47,0x1001439
u3_sign_48,0x100143a
u3_sign_49,0x100143b
u3_sign_50,0x100143c
u3_sign_51,0x100143d
u3_sign_52,0x100143e
u3_sign_53,0x100143f
u3_sign_54,0x1001440
u3_sign_55,0x1001441
u3_merchant_tavern_clue_1,0x1001442
u3_merchant_tavern_clue_2,0x1001443
u3_merchant_tavern_clue_3,0x1001444
u3_merchant_tavern_clue_4,0x1001445
u3_merchant_tavern_clue_5,0x1001446
u3_merchant_tavern_clue_6,0x1001447
u3_merchant_tavern_clue_7,0x1001448
u3_merchant_tavern_clue_8,0x1001449
u3_merchant_tavern_clue_9,0x100144a
u3_oracle_0,0x100144c
u3_oracle_1,0x100144d
u3_oracle_2,0x100144e
u3_oracle_3,0x100144f
u3_oracle_4,0x1001450
u3_oracle_5,0x1001451
u3_oracle_6,0x1001452
u3_oracle_7,0x1001453
u3_oracle_8,0x1001454
u3_oracle_9,0x1001455
u2_dlg_1,0x1001456
u2_dlg_2,0x1001457
u2_dlg_3,0x1001458
u2_dlg_4,0x1001459
u2_dlg_5,0x100145a
u2_dlg_8,0x100145d
u2_dlg_10,0x100145f
u2_dlg_11,0x1001460
u2_dlg_12,0x1001461
u2_dlg_13,0x1001462
u2_dlg_14,0x1001463
u2_dlg_15,0x1001464
u2_dlg_16,0x1001465
u2_dlg_17,0x1001466
u2_dlg_18,0x1001467
u2_dlg_19,0x1001468
u2_dlg_20,0x1001469
u2_dlg_21,0x100146a
u2_dlg_22,0x100146b
u2_dlg_23,0x100146c
u2_dlg_24,0x100146d
u2_dlg_25,0x100146e
u2_dlg_26,0x100146f
u2_dlg_27,0x1001470
u2_dlg_28,0x1001471
u2_dlg_29,0x1001472
u2_dlg_30,0x1001473
u2_dlg_31,0x1001474
u2_dlg_32,0x1001475
u2_dlg_33,0x1001476
u2_dlg_34,0x1001477
u2_dlg_35,0x1001478
u2_dlg_36,0x1001479
u2_dlg_37,0x100147a
u2_dlg_38,0x100147b
u2_dlg_39,0x100147c
u2_dlg_40,0x100147d
u2_dlg_41,0x100147e
u2_dlg_42,0x100147f
u2_dlg_43,0x1001480
u2_dlg_44,0x1001481
u2_dlg_45,0x1001482
u2_dlg_46,0x1001483
u2_dlg_47,0x1001484
u2_dlg_48,0x1001485
u2_dlg_49,0x1001486
u2_dlg_50,0x1001487
u2_dlg_51,0x1001488
u2_dlg_52,0x1001489
u2_dlg_53,0x100148a
u2_dlg_54,0x100148b
u2_dlg_55,0x100148c
u2_dlg_56,0x100148d
u2_dlg_57,0x100148e
u2_dlg_58,0x100148f
u2_dlg_59,0x1001490
u2_dlg_60,0x1001491
u2_dlg_61,0x1001492
u2_dlg_62,0x1001493
u2_dlg_63,0x1001494
u2_dlg_64,0x1001495
u2_dlg_65,0x1001496
u2_dlg_66,0x1001497
u2_dlg_67,0x1001498
u2_dlg_68,0x1001499
u2_dlg_69,0x100149a
u2_dlg_70,0x100149b
u2_merchant_tavern_clue_1,0x100149c
u2_merchant_tavern_clue_2,0x100149d
u2_merchant_tavern_clue_3,0x100149e
u2_merchant_tavern_clue_4,0x100149f
u2_merchant_tavern_clue_5,0x10014a0
u2_merchant_tavern_clue_6,0x10014a1
u2_merchant_tavern_clue_7,0x10014a2
u2_merchant_tavern_clue_8,0x10014a3
u2_merchant_tavern_clue_9,0x10014a4
u2_oracle_0,0x10014a8
u2_oracle_1,0x10014a9
u2_oracle_2,0x10014aa
u2_oracle_3,0x10014ab
u2_oracle_4,0x10014ac
u2_oracle_5,0x10014ad
u2_oracle_6,0x10014ae
u2_oracle_7,0x10014af
u2_oracle_8,0x10014b0
u1_merchant_tavern_clue_1,0x10014b1
u1_merchant_tavern_clue_2,0x10014b2
u1_merchant_tavern_clue_3,0x10014b3
u1_merchant_tavern_clue_4,0x10014b4
u1_merchant_tavern_clue_5,0x10014b5
u1_merchant_tavern_clue_6,0x10014b6
u1_merchant_tavern_clue_7,0x10014b7
u1_merchant_tavern_clue_8,0x10014b8
u1_merchant_tavern_clue_9,0x10014b9
u3_dlg_good_day,0x10014bb
u2_dlg_guard_1,0x10014bc
u2_dlg_jester_1,0x10014bd
u2_dlg_villager_1,0x10014be
u2_dlg_fighter_1,0x10014bf
u2_dlg_cleric_1,0x10014c0
u2_dlg_wizard_1,0x10014c1
u2_dlg_thief_1,0x10014c2
u2_dlg_guard_2,0x10014c3
u2_dlg_guard_3,0x10014c4
u2_dlg_jester_2,0x10014c5
u2_dlg_jester_3,0x10014c6
u2_dlg_villager_2,0x10014c7
u2_dlg_villager_3,0x10014c8
u2_dlg_fighter_2,0x10014c9
u2_dlg_fighter_3,0x10014ca
u2_dlg_cleric_2,0x10014cb
u2_dlg_cleric_3,0x10014cc
u2_dlg_wizard_2,0x10014cd
u2_dlg_wizard_3,0x10014ce
u2_dlg_thief_2,0x10014cf
u2_dlg_thief_3,0x10014d0
u1_sign_0,0x10014d1
u1_sign_1,0x10014d2
u1_sign_2,0x10014d3
u1_sign_3,0x10014d4
u1_sign_4,0x10014d5
u1_sign_5,0x10014d6
u1_sign_6,0x10014d7
u1_sign_7,0x10014d8
u1_king_quest_hint_0,0x10014d9
u1_king_quest_hint_1,0x10014da
u1_king_quest_hint_2,0x10014db
u1_king_quest_hint_3,0x10014dc
u1_dlg_1,0x10014dd
u1_dlg_2,0x10014de
u1_dlg_3,0x10014df
u1_dlg_4,0x10014e0
u1_princess_saved,0x10014e1
u1_princess_time_machine,0x10014e2
u1_time_machine_1,0x10014e3
u1_time_machine_2,0x10014e4
u1_time_machine_3,0x10014e5
u1_time_machine_4,0x10014e6
u1_time_machine_5,0x10014e7
u1_time_machine_6,0x10014e8
u1_time_machine_7,0x10014e9
u1_time_machine_8,0x10014ea
u3_exodus_destroyed,0x10014ec
u3_dlg_79,0x10014ed
u3_evocare,0x10014ee
u4_mantra_0,0x10014ef
u4_mantra_1,0x10014f0
u4_mantra_2,0x10014f1
u4_mantra_3,0x10014f2
u4_mantra_4,0x10014f3
u4_mantra_5,0x10014f4
u4_mantra_6,0x10014f5
u4_mantra_7,0x10014f6
u4_dlg_275_name,0x10014f7
u4_dlg_275_look,0x10014f8
u4_dlg_275_job,0x10014f9
u4_dlg_275_heal,0x10014fa
u4_dlg_275_adve,0x10014fb
u4_dlg_275_flew,0x10014fc
u4_dlg_275_wind,0x10014fd
u4_dlg_275_ship,0x10014fe
u2_oldman_greet,0x1001500
u2_oldman_antos,0x1001501
u2_oldman_ring_location,0x1001502
u2_sentri_greet,0x1001503
u2_sentri_hint_0,0x1001504
u2_sentri_hint_1,0x1001505
u2_sentri_hint_2,0x1001506
u2_sentri_quicksword,0x1001507
u2_sentri_hint_3,0x1001508
u1_merchant_tavern_clue_0,0x1001509
u2_merchant_tavern_clue_0,0x100150a
u3_merchant_tavern_clue_0,0x100150b
u1_endgame_1,0x100150c
u1_endgame_2,0x100150d
u1_endgame_3,0x100150e
u1_endgame_4,0x100150f
u1_endgame_5,0x1001510
u1_endgame_6,0x1001511
u1_endgame_7,0x1001512
u1_endgame_8,0x1001513
msg_mondain_creating_gem,0x1001514
msg_mondain_doomed,0x1001515
u1_princess_not_ready,0x1001516
u2_endgame_1,0x1001517
u2_endgame_2,0x1001518
u2_endgame_3,0x1001519
u2_endgame_4,0x100151a
u2_endgame_5,0x100151b
u2_endgame_6,0x100151c
u2_endgame_7,0x100151d
u2_endgame_8,0x100151e
u2_endgame_9,0x100151f
u2_endgame_10,0x1001520
u3_endgame_1,0x1001521
u3_endgame_2,0x1001522
u3_endgame_3,0x1001523
u3_endgame_4,0x1001524
u3_endgame_5,0x1001525
u3_endgame_6,0x1001526
u3_endgame_7,0x1001527
u3_endgame_8,0x1001528
u3_endgame_9,0x1001529
u3_endgame_10,0x100152a
u3_endgame_11,0x100152b
u3_endgame_12,0x100152c
u3_endgame_13,0x100152d
u3_endgame_14,0x100152e
u3_endgame_15,0x100152f
u3_endgame_16,0x1001530
u3_endgame_17,0x1001531
u3_endgame_18,0x1001532
u3_endgame_19,0x1001533
u3_endgame_20,0x1001534
u4_dlg_276_name,0x1001535
u4_dlg_276_heal,0x1001536
u4_dlg_276_job,0x1001537
u4_dlg_276_look,0x1001538
u4_dlg_276_deat,0x1001539
u4_dlg_276_die,0x100153a
u4_dlg_10_job,0x100153b
